"","utilidad","flujo"
"1",1993.76142879574,-14.8412904003635
"2",9087.84695424054,43.801669399254
"3",2828.81272324924,23.664749157615
"4",921.332284182157,8.65921546239406
"5",11926.9875223102,48.7265670858324
"6",-264.613354036432,8.39255616534501
"7",426.452374742094,-7.33766366261989
"8",1548.06045357247,17.7546267770231
"9",748.788653958773,-12.6834183419123
"10",28378.608289819,75.4351899772882
"11",7310.66794300511,39.6592772426084
"12",3714.92551111558,28.8484936580062
"13",13656.4846636491,50.7024683011696
"14",11342.8096452008,49.0004720166326
"15",1051.84926178042,-11.685844999738
"16",26426.8186123315,71.3067646464333
"17",1098.55421578379,18.3469742536545
"18",4888.34440827447,-31.979116378352
"19",7129.46003371319,-38.1588782696053
"20",2483.26734018048,-26.8992285151035
"21",1994.70821030517,-20.6345452042297
"22",1415.70361645279,-13.238694970496
"23",2059.14185471853,-19.2629018891603
"24",4776.36929514077,-30.3157001174986
"25",1387.18924890782,14.276550989598
"26",11963.7363259418,47.3709151195362
"27",29141.7034407866,77.0943091018125
"28",4208.20394511823,-29.3142544012517
"29",28627.9481503932,75.9085547691211
"30",18676.0971927709,61.6362272249535
"31",-372.679632277676,6.17355765309185
"32",-396.566362212993,4.90270405542105
"33",9690.19882989194,-42.7617635950446
"34",1522.46459106772,19.4496662961319
"35",15871.6813275821,-55.4171089781448
"36",20415.8363618075,65.0659945933148
"37",174.139108737083,17.4514156300575
"38",1304.70857112876,15.3879704279825
"39",13893.7985436638,-51.670128791593
"40",9210.10002262401,42.9237025696784
"41",300.175723401017,-6.56745958141983
"42",29035.5647915451,76.9061705190688
"43",7816.7647911822,-40.3720057988539
"44",6150.24782449861,37.7635564142838
"45",9188.70863581272,42.5344472564757
"46",5038.35137306274,28.9403983112425
"47",21954.3911794696,66.9244086090475
"48",15417.777276172,55.2562205540016
"49",17698.7625657909,58.0151191772893
"50",25198.6679927005,70.0726795662194
"51",4381.11611259264,-30.5782483378425
"52",14666.0402325884,54.0208453452215
"53",10884.9509671819,-44.4109770003706
"54",14577.7545105219,53.8787264656276
"55",13059.5219022594,50.0811346713454
"56",6070.13295654405,-35.7276481809095
"57",18833.0617238365,62.0111262844875
"58",2385.92538661925,-20.3592426748946
"59",614.297377183633,3.16657681483775
"60",10074.4603023518,45.4394933022559
"61",11209.1102818429,-48.1795539567247
"62",461.690059139893,2.5066385185346
"63",2238.78461663809,18.7066779984161
"64",16064.9629944377,-56.7451948486269
"65",5356.06642614666,-33.5434404062107
"66",8459.26365341658,-40.9841740038246
"67",7867.85832199145,-39.4565436849371
"68",15339.140799647,-55.6913797697052
"69",-796.3877952356,-0.404578493908048
"70",-189.293329295057,-9.83195349108428
"71",21837.4800150082,66.254161670804
"72",3628.54069601528,-22.4079874390736
"73",4073.7070260897,29.2224987968802
"74",3659.70366768556,-27.8274274338037
"75",14146.1684248259,54.2125026974827
"76",395.910291990056,-9.88465716131032
"77",2940.85347981493,-24.61519818753
"78",29760.3284833923,77.6016680756584
"79",15964.6396690291,-56.3706951588392
"80",2157.25548094713,-19.3631405662745
"81",19066.2396535166,61.9159600138664
"82",4998.91118909,-32.2023986186832
"83",6183.11014762201,-33.2321878848597
"84",2326.52322222455,-21.4091765787452
"85",443.210001054488,-3.21017078123987
"86",19358.0281045637,61.2542640604079
"87",1192.40324571284,-14.3047281820327
"88",17670.7334382029,59.0869055362418
"89",711.829539193515,16.0157802887261
"90",24427.8342961728,69.8941381135955
"91",4245.47978668117,29.1429233318195
"92",347.720282727151,0.460443370975554
"93",13200.2397290245,-50.9947005426511
"94",917.301703059516,12.9777445737273
"95",2002.87853626431,21.9744503125548
"96",9227.57471164188,41.8305335333571
"97",14894.6872212507,55.7401794660836
"98",11001.2671027208,-47.7836693730205
"99",31309.3858140081,79.6648262999952
"100",3192.77339569963,26.5628078952432
"101",12360.4848268021,49.4269854435697
"102",22538.1664505007,67.0994647359475
"103",29675.5598157087,78.0494267540053
"104",8235.26825917908,41.5473029343411
"105",438.629031452179,-9.84715597704053
"106",-183.605545239569,-5.28963686432689
"107",-20.714616317622,-2.11491858121008
"108",562.191109415884,-15.518443970941
"109",3901.36526916024,-28.9485187781975
"110",9732.09248618674,45.3029518434778
"111",21660.9186433093,64.9975684285164
"112",1240.71098453803,-16.7502469522879
"113",8236.08327390621,41.8350700568408
"114",3843.79250590416,27.2551187407225
"115",14821.2271094972,-54.4475998682901
"116",28653.6589357213,75.3601501882076
"117",6191.12560129789,-34.9969287682325
"118",-507.593456237004,-0.221299203112721
"119",3457.19504052749,29.9508535768837
"120",6158.28684043183,-37.1266015153378
"121",23647.715442687,68.4636170649901
"122",-307.20033286244,-1.48092011921108
"123",8738.47402251855,-41.5585672156885
"124",10642.4945203586,-44.7121938737109
"125",865.561874535932,3.97593914531171
"126",6325.63837794527,36.4668850880116
"127",11781.8369956496,-48.4853843459859
"128",30167.2933638377,77.2814963618293
"129",12159.5586137795,48.0958811240271
"130",2369.17385581979,21.9816965330392
"131",1601.01371599286,-16.2405256927013
"132",48.2579367548288,-7.10548410192132
"133",6300.793085051,-34.1430094931275
"134",424.575264357375,-13.0848155450076
"135",613.557838121412,2.78199962340295
"136",9687.52506039218,-43.1332234852016
"137",18345.5481534736,59.4043425517157
"138",869.645698552414,-5.32035645563155
"139",417.937843533749,-13.0981833487749
"140",1700.44567674655,15.5653357738629
"141",694.990630002993,-14.9344669608399
"142",2977.87012675407,26.73788478598
"143",10691.8921375662,45.0655497703701
"144",3417.5417190165,27.4334844993427
"145",15048.7977515179,55.0017925910652
"146",224.389419114525,3.05000850465149
"147",13080.8125778166,51.3799493992701
"148",7823.37725540772,-39.1605403600261
"149",-553.563757147152,-2.5748879276216
"150",27339.5894566968,73.2529621338472
"151",-262.660852094175,12.1150159556419
"152",27874.779995232,73.6479497002438
"153",14101.6496946443,-52.9326384561136
"154",4276.13971768667,-29.3386415764689
"155",10016.7065466356,44.8363980138674
"156",18914.7157714948,-58.7685490911826
"157",8516.15979772031,-39.7070727078244
"158",15695.83155869,-56.5472325915471
"159",21059.3029473475,65.1944052986801
"160",20276.6827206773,64.3691384233534
"161",-144.823710512865,-1.70901807025075
"162",20374.4579281734,62.1658061444759
"163",9435.9240518537,-44.6344587299973
"164",8768.70633525688,43.8177380990237
"165",3377.25928158737,27.1014032093808
"166",15152.5927483342,53.2614726526663
"167",5423.54316593789,31.2281428556889
"168",28049.3659892835,75.6284393975511
"169",8708.02130274527,41.564159062691
"170",9521.98564462665,42.875763271004
"171",22932.4809218802,68.8648623693734
"172",1727.82420063039,18.8916098233312
"173",977.060183751612,15.0105660175905
"174",3627.68064101633,-24.9713314976543
"175",7785.77002711232,-37.0721316151321
"176",7776.61094365842,39.5750227756798
"177",4164.561231768,-30.1993312966079
"178",3687.87740581861,-22.3082009050995
"179",12630.7518271401,-50.965087171644
"180",8810.80075432793,43.4721148433164
"181",3433.32905720426,26.138815660961
"182",6783.20780548385,-36.729887323454
"183",31598.6347315554,78.999538756907
"184",12139.8943590799,-49.7624742332846
"185",28852.2577538315,76.4269573008642
"186",8237.77225205422,41.3588747987524
"187",7352.50696094641,-38.339636628516
"188",17249.9917655501,59.4774157740176
"189",19125.91543647,61.9310752069578
"190",3119.008968896,-24.0426267171279
"191",25860.1307583345,71.2621300248429
"192",-146.80892248882,1.19461381807923
"193",4432.52538670547,27.8287203190848
"194",1137.7721379619,-14.2887302488089
"195",6191.64849648111,-35.9574290784076
"196",6716.49511831339,38.923896625638
"197",13828.0240851761,-53.0051457742229
"198",218.6727485852,-12.3119431640953
"199",-28.6376923274821,-4.55759801901877
"200",3185.8561203974,-27.2923776833341
"201",21153.971855533,65.4419235000387
"202",893.647407454778,2.03878989908844
"203",28340.8962297423,75.0291337538511
"204",6881.41401860739,-35.608084956184
"205",27926.0469372244,74.6557266265154
"206",29227.6204605521,76.5460316464305
"207",7626.68115982981,38.3631274895743
"208",18747.0742268798,60.6577759422362
"209",3935.86874067331,29.2479757638648
"210",9171.07221800472,-43.1561517808586
"211",12369.1500087435,-49.5914149982855
"212",-140.685746510181,5.73540004901588
"213",5101.46056650868,-30.0895816413686
"214",11483.0431444197,-48.4669274790213
"215",11229.1987829067,49.3299402249977
"216",14373.6396317123,54.4647349091247
"217",-353.570744378144,-7.05985125154257
"218",1647.81396203329,12.5408967211843
"219",5287.67349468617,-32.0717988768592
"220",4534.53315450132,30.6790844257921
"221",18489.320781538,-59.8431532038376
"222",5615.46455375672,-32.5240304833278
"223",4997.56941632942,31.9588177744299
"224",317.672907543178,3.18681464530528
"225",22555.1559528505,67.0701944734901
"226",3438.43712109853,22.1485579200089
"227",17234.4259569221,-58.1173690594733
"228",13949.5061982386,55.3238752298057
"229",183.343376438734,-3.49247968755662
"230",301.956173399133,5.00729942228645
"231",-236.306432674536,4.75475242827088
"232",19072.9376321056,62.3833009460941
"233",17298.9432731286,-58.762895395048
"234",11825.5651800527,-49.105483260937
"235",11343.8247591423,-47.9991045454517
"236",2218.48478054783,-22.3491664556786
"237",4276.69307576504,31.1540963407606
"238",11353.8182722154,48.2596202427521
"239",5443.82834028243,-33.5624828655273
"240",12290.0689105178,46.4976438833401
"241",7419.59593696613,39.0571800852194
"242",789.641040634382,-5.55305504705757
"243",1404.80206596112,-15.0501975789666
"244",16864.7591810905,-58.837171648629
"245",5394.02341773395,-31.3844584440812
"246",3346.54759858923,-25.3851493867114
"247",876.650350932693,10.7211044523865
"248",430.733360178149,4.90098958835006
"249",540.927972126618,12.5366218807176
"250",8824.05173942251,-42.420569229871
"251",1275.69603952025,-16.7665176186711
"252",5921.54638869675,34.2961629852653
"253",5679.9751248538,-32.0150266680866
"254",16772.8405471215,58.2600700296462
"255",11519.6791036445,-49.29226313252
"256",9501.34619955433,-43.1373370392248
"257",5190.04158600564,-33.2609705068171
"258",31750.939582938,78.9355396246538
"259",4082.78774459994,28.5948869260028
"260",24.9330827080838,5.60009477194399
"261",-864.397110959949,2.26223681587726
"262",11476.8016933368,48.0795133206993
"263",9458.80196973344,42.1497668651864
"264",2343.5870430989,-23.0336218560115
"265",6720.61627817705,-36.9502983847633
"266",7751.9809755811,-39.5721200574189
"267",3796.09148685708,-27.871480602771
"268",10848.5359699969,-46.9118643831462
"269",2017.60983665145,-14.8053864995018
"270",1884.33948276742,-17.5774693768471
"271",7490.42132265155,-35.8470903430134
"272",7809.77153407763,40.9132405184209
"273",6713.22337515746,-35.535746421665
"274",335.431338421531,-2.55357337649912
"275",4742.75803658531,-28.1038282299414
"276",660.628257550125,4.58952708169818
"277",6255.07238600893,-34.0469030151144
"278",-542.942403388771,1.59220328554511
"279",-416.425053911219,-9.01513521559536
"280",2032.53941466421,-23.2406827481464
"281",30413.6805496203,77.7738776337355
"282",24067.895423851,69.6535560768098
"283",1007.10220409032,7.02398175839335
"284",8724.23662353504,-39.7545449668542
"285",28172.4608525308,74.734888933599
"286",1776.76102495488,16.7506338236853
"287",9033.52057930339,39.9081732565537
"288",7603.34344588412,-36.4878966705874
"289",2428.72945740375,19.8759938590229
"290",339.911382287352,7.8733699535951
"291",1942.7457744181,-19.0001285914332
"292",7066.78146669015,38.2196892425418
"293",11862.6194412949,49.5115979155526
"294",31254.2739179007,78.465461418964
"295",15956.6922370588,-56.5253908606246
"296",44.8276738034,8.36051606573164
"297",14407.4016725257,-54.7889710357413
"298",525.728841342817,7.45019041001797
"299",15691.7705525133,-55.9527859464288
"300",21837.2587094379,65.8799331821501
"301",20619.3835753354,64.3048570072278
"302",9925.89871562232,43.7174299918115
"303",11224.5378085802,45.8218018896878
"304",12019.5633395566,48.0779957678169
"305",1342.49803734544,-18.4491186542436
"306",9196.66526323229,42.9381845146418
"307",7123.95111364373,-37.7396714640781
"308",516.56977127123,13.3880562428385
"309",729.945363540642,9.74735508672893
"310",7291.4675234736,-37.2785103973001
"311",548.241224998088,-9.40840805415064
"312",19298.4006817351,61.4422529935837
"313",17833.2352362916,58.4104330651462
"314",11622.5093785902,-48.0679372837767
"315",9262.63859614192,-43.4395713079721
"316",1248.51205480932,13.0791175365448
"317",1743.83410254347,-16.2119505135342
"318",6173.94867499086,-33.0941470945254
"319",12366.8664755733,49.2243748577312
"320",12729.8811477514,48.5556753631681
"321",8363.6628473232,41.7138900561258
"322",10455.6543299862,-45.4866160778329
"323",15848.8873577945,56.39603885822
"324",13288.6679562171,-50.1278211455792
"325",1351.5184897311,-20.9257923718542
"326",5398.12500407855,35.7916132360697
"327",3506.56843175878,25.2889891108498
"328",3439.91450882045,-28.0067425267771
"329",4100.35039438682,27.075958577916
"330",1236.92991674787,-12.9560891119763
"331",2958.12742593305,22.1207834361121
"332",897.527939696418,-11.9354729959741
"333",7911.2732796287,40.2306250156835
"334",16442.0845584024,-57.5220984453335
"335",17144.3040667341,58.7426546821371
"336",1730.38012856214,20.6853033835068
"337",31478.7763635568,79.6112053049728
"338",14868.4626510657,53.0232759471983
"339",53.1011091867101,3.7825273303315
"340",3136.37106704532,26.9730563927442
"341",8284.51353203316,-43.2696810411289
"342",3127.73887931269,-27.2126213088632
"343",2748.01030535343,-22.6672683376819
"344",4755.00089805353,31.742763761431
"345",16184.1678499175,57.5280514592305
"346",1733.57240032312,17.0786970667541
"347",1675.60567830634,-16.2185299117118
"348",1979.3274618979,-21.0533053753898
"349",2321.15229002576,-27.1316332183778
"350",7313.33896913844,38.26612718869
"351",9504.16911367179,43.6466725729406
"352",17803.6947351294,58.9007182978094
"353",21389.2763130391,66.6090478794649
"354",16922.0969138336,57.8930552629754
"355",11633.5740177149,47.6744724716991
"356",3797.98677197469,25.1730823097751
"357",295.242459903418,-8.45996524207294
"358",777.67693228373,-12.6535195903853
"359",3296.9043809234,-24.3129891809076
"360",11939.4079288847,49.9080637888983
"361",5250.06433633233,-31.3747154129669
"362",5923.5811276636,34.5167534891516
"363",2599.79096956444,23.3351271925494
"364",10678.4464106347,45.4616499785334
"365",681.940821197036,1.71371893025935
"366",439.611006445166,3.94906536210328
"367",3699.1768541437,24.6253125090152
"368",5192.05334516739,32.9118009889498
"369",28881.4542578075,75.9826807538047
"370",16293.4312385939,-57.8995631588623
"371",12266.5726219236,-49.3534579407424
"372",20720.6378924214,62.2452034708112
"373",13597.4177511343,50.8073790045455
"374",7187.32667981928,38.2357811182737
"375",17147.7655233326,57.5650018639863
"376",3700.06358933507,-27.7032546373084
"377",2321.09716215838,-17.251327293925
"378",10582.8194286241,-46.950642298907
"379",-534.533291303534,-2.45267420075834
"380",1028.70169900465,16.752720833756
"381",9241.09729254883,-43.2006369810551
"382",2300.53925960396,-21.1491609271616
"383",9387.68000461764,-44.3972120434046
"384",823.397167178444,10.7237258786336
"385",1764.94347356024,-11.6939439391717
"386",4276.13314393939,28.1678514694795
"387",6783.90561648495,-34.4743290403858
"388",84.4892879985378,-4.83221866656095
"389",14523.4024367889,52.3711676709354
"390",23518.5956886798,69.4715060573071
"391",993.512707799468,-15.4445479530841
"392",657.763020434319,-12.5389263220131
"393",10046.1940112119,43.3601823123172
"394",31719.4338420065,79.9030051100999
"395",7574.28820271029,-39.039573604241
"396",2571.73931718504,-22.8127791220322
"397",14290.2186683658,52.1185357635841
"398",14033.4258810388,-53.7231820682064
"399",23834.1878630179,69.4030422111973
"400",779.707046114358,-2.56438638083637
"401",20576.2622946605,64.2884975811467
"402",6751.37585455166,-35.0713990675285
"403",1716.01677176477,16.6371821751818
"404",3521.11808427566,24.8632817575708
"405",5694.48179131497,30.7184651773423
"406",303.324308982061,6.53005819302052
"407",614.367209769153,-7.29148022830486
"408",11331.1033465553,-48.3835242316127
"409",843.799492104265,-16.8454562500119
"410",19630.1352786411,61.3642196590081
"411",2388.92775445689,-16.5837208507583
"412",18250.4402361834,61.8336907261983
"413",-345.033543585252,2.04393734224141
"414",5562.50182304817,-30.4961847979575
"415",22242.1339211638,68.0213869456202
"416",8201.5468550672,41.3957270234823
"417",901.123823824962,5.31340850982815
"418",1491.61988351381,18.6784412991256
"419",13413.1458506678,-51.8671740824357
"420",3876.42843414539,-29.3355219485238
"421",703.64885958809,11.6195724904537
"422",-368.097140897678,4.37882401049137
"423",28924.5244917011,75.7081063603982
"424",5498.12555269726,-34.2817196482792
"425",751.993923758802,11.2756409496069
"426",43.2189967197876,14.4351064180955
"427",1896.26797654012,-21.2954577384517
"428",28247.2358673319,74.9478479288518
"429",20636.3936876496,62.9640038218349
"430",16123.7534835053,-56.4227835740894
"431",11918.4887927082,-48.2812161138281
"432",16159.2949057406,57.0213601877913
"433",3635.50595723507,27.6809887168929
"434",4548.54611838575,31.3395441323519
"435",1161.06736797464,-15.9662477951497
"436",5595.87125860834,-34.3309977091849
"437",627.96079919075,0.2515416033566
"438",27330.5523102173,75.1061048731208
"439",13714.1375309559,-51.4332973817363
"440",8858.9191904046,-41.2990609789267
"441",-266.009564176,0.390291069634259
"442",293.990346280477,-1.93703267257661
"443",1437.70398721702,12.4603576771915
"444",2323.90282757765,-15.2206536848098
"445",2413.24612364505,23.906233231537
"446",1542.15367873258,-13.7370242504403
"447",11069.890984776,-47.8112265048549
"448",9612.37446831703,42.4146854225546
"449",1564.79962451327,16.1752432305366
"450",9659.62538168076,43.0086637241766
"451",14882.4891646754,-53.1926779681817
"452",12730.5191874347,-51.4467941038311
"453",15983.0475670748,-55.6532721966505
"454",6303.7987789239,37.8414185205474
"455",2719.97966857159,20.2730318624526
"456",372.348532258788,10.7659792108461
"457",17307.3221305583,-59.2912595812231
"458",25920.0631705103,72.3585520731285
"459",8434.56516430398,40.7922392431647
"460",16762.1942567169,57.3485070839524
"461",2987.82473053271,23.2994376448914
"462",25000.0787429937,70.9300355985761
"463",977.300224309267,-12.775762360543
"464",1331.12244187641,-16.3962251646444
"465",14817.2401385475,-53.3428279869258
"466",3623.80543663586,26.73000424169
"467",-866.155248626384,-5.08360891602933
"468",-330.861974708846,-0.878644757904112
"469",2200.38276494668,20.9923338703811
"470",7804.12353774459,-39.0686225052923
"471",5124.29231790866,30.8342935191467
"472",22348.7328500003,67.1271019568667
"473",27767.8132326811,74.7581882728264
"474",11330.1455275885,-47.2016302449629
"475",-537.881006265433,1.09971897676587
"476",2250.27618189512,20.9293564362451
"477",6792.31861978914,-34.9317391868681
"478",297.094179174441,-8.18831330165267
"479",13722.8007718812,-50.6982479756698
"480",25331.8426641527,71.4153216360137
"481",4360.15621698651,-30.8549378067255
"482",694.361234622614,11.4530204422772
"483",-121.213455800808,15.2007089788094
"484",31676.989542634,79.884255300276
"485",98.2268085759347,-13.9999102987349
"486",28397.1982510779,74.7755854669958
"487",840.319071815306,-7.04462089575827
"488",6461.20770392648,35.7875073095784
"489",12745.6180393556,50.3174652718008
"490",11071.8386469899,48.4632439212874
"491",864.69563968237,-13.4329406637698
"492",15318.7524911361,57.1810865728185
"493",1079.37141039234,11.3352688215673
"494",12186.6725258872,-50.5079492693767
"495",16907.4668566978,57.3826969414949
"496",11783.4014141756,-49.7452934458852
"497",11606.3356622946,48.2041444536299
"498",21350.3780889122,65.8114498434588
"499",12368.4846490184,51.4269523043185
"500",8322.9608595985,40.8290946949273
"501",16008.2267043649,55.6711605377495
"502",6940.2709619854,-37.8385584056377
"503",17407.3924618051,-58.7001376925036
"504",1535.35321892495,17.5963315647095
"505",15840.0458031762,-56.8389933137223
"506",3766.74985400237,28.9703031582758
"507",11229.5386051725,47.9871449526399
"508",7903.14115149382,-39.8274290002882
"509",1611.93343221302,18.1991290859878
"510",9348.74730018986,42.9160604672506
"511",26817.5269229514,73.8524314761162
"512",-656.090046110482,7.76641552802175
"513",1223.94042286082,17.9197467723861
"514",31134.5114974539,78.6609801277518
"515",5845.81535563004,33.0488426052034
"516",14781.1703332377,-54.939187746495
"517",11216.4110453058,47.3992453375831
"518",12735.2120446718,51.9564616307616
"519",4867.65549040089,-34.7869945783168
"520",208.879919291254,0.333209065720439
"521",16359.6697813705,57.512818952091
"522",7976.49881747016,-39.5854370761663
"523",16228.3010053409,-58.2843504985794
"524",1627.76419077227,-21.8723904294893
"525",368.115733619224,-14.0070421714336
"526",26085.1484195373,73.0285887978971
"527",-16.6629722180863,8.70180482976139
"528",20427.0465718549,64.0980081213638
"529",23158.3022746465,67.4800759367645
"530",8421.74029000696,-40.7616021670401
"531",12180.1028483218,50.751102748327
"532",5742.24362410277,-31.8937513558194
"533",992.166289042935,-17.6433856599033
"534",2386.83887887297,-17.645433684811
"535",1331.16018794291,13.6052061757073
"536",1300.30509788963,15.3069938113913
"537",1789.74596692084,16.2731123203412
"538",15354.9736230718,-55.5781838065013
"539",2352.38238723676,22.5821055937558
"540",17718.9505294156,57.987313629128
"541",1960.91550636439,-22.5722039630637
"542",9059.70950983462,41.3713593082502
"543",5134.50960710339,31.9059999193996
"544",20981.2729849258,64.3750192504376
"545",9429.6841744748,44.5411065593362
"546",16126.0847150881,-56.5036376612261
"547",29557.3644760624,75.9428422525525
"548",26523.2149767929,73.2697296328843
"549",16020.0040106346,56.8074544658884
"550",16211.2566906942,58.4412210760638
"551",555.015088357051,-14.719709334895
"552",6783.71330703221,35.8432193566114
"553",31285.8615990536,78.7941246945411
"554",4011.7133034148,28.8554266933352
"555",8191.78401274346,-40.5481507070363
"556",16548.0555796121,58.9536157855764
"557",11296.5879915065,-46.7079084506258
"558",11018.1892487457,46.7437312705442
"559",23929.1553746825,69.2313406663015
"560",378.356963585735,-4.10853040404618
"561",5339.15585449321,-30.7013205206022
"562",9187.82426199809,-43.3701441111043
"563",-26.1570809197255,-6.88508917577565
"564",11473.7592830177,47.2412030398846
"565",6977.511758323,-36.8356119887903
"566",15102.6352138533,-55.0655611837283
"567",8749.86430880101,-40.9876210615039
"568",534.212046011244,8.11653149779886
"569",1112.50900897264,15.5752701777965
"570",-602.270225912628,-9.3309108633548
"571",13608.0569451622,-51.9834938133135
"572",7163.42857188132,-36.6718447068706
"573",-99.5372770274324,-13.0714887799695
"574",1534.56555563437,-16.2830151524395
"575",14757.1194162997,53.2834231574088
"576",9635.4290694565,43.9026825968176
"577",1609.45738012617,-18.8735746685416
"578",7280.55354407523,39.4467167695984
"579",535.654169823267,-12.6139164343476
"580",1278.11117431679,17.6582519989461
"581",10833.7713007999,45.3476555692032
"582",13719.0016737562,51.0449931165203
"583",3124.69279717328,-26.5570793068036
"584",18440.821052966,59.1979428427294
"585",220.101137559672,-8.37874562013894
"586",267.319170735223,13.9571767766029
"587",8642.87554336408,-41.8749524466693
"588",12163.8273551432,50.0810210732743
"589",7265.9691698553,-38.4385115094483
"590",20881.3107606598,65.4209010116756
"591",644.590237154684,-8.1014007050544
"592",131.811851668262,-4.73398668225855
"593",10482.8513801322,-45.580239566043
"594",492.938490003249,6.3830893766135
"595",367.377791885834,-8.30395783297718
"596",3886.59184523248,-26.9011069089174
"597",14922.2209568552,53.4738630056381
"598",2999.77373327585,22.8505019797012
"599",8795.84462694098,-41.969726420939
"600",25699.6369434222,72.4723267508671
"601",14092.2216678649,51.7422710172832
"602",450.707402534757,-10.9722273610532
"603",9855.74760878739,-44.2464355565608
"604",899.200733906402,10.4862793115899
"605",6525.70371744349,-36.1187525186688
"606",15855.8095968619,-56.8653666134924
"607",13311.5077020528,-52.1320575010031
"608",4687.72180384863,-30.7049144245684
"609",758.337517071475,4.71713360399008
"610",3724.18610892372,-27.7897696243599
"611",8692.74769392816,39.2477370519191
"612",4505.81740298998,-29.8317931639031
"613",4066.38339322705,-26.3206593925133
"614",32.7801264122464,-2.00936341658235
"615",2589.85106983072,23.0434369109571
"616",607.733384477569,-10.6981944246218
"617",591.774948267573,-15.117837684229
"618",10062.0832337001,47.4012066237628
"619",5512.9871099815,30.4885391285643
"620",813.185088468171,12.2546846373007
"621",24849.5112138309,70.4834730410948
"622",16839.6963979834,59.7266548965126
"623",287.781929486382,8.69674256071448
"624",16980.2507503757,58.0043247854337
"625",26571.4569619507,73.3225885918364
"626",303.911974625122,2.78598442208022
"627",5821.37417043142,33.9624175569043
"628",129.523358046957,5.99003695417196
"629",6963.12378077639,36.6425900766626
"630",-360.372848404365,2.48198190238327
"631",630.928172795843,8.50090567953885
"632",5760.1868345333,34.1366363829002
"633",14760.4914154506,-53.5014592669904
"634",10935.9797378504,-46.9172561680898
"635",78.4081538929128,6.50341926608235
"636",17876.8150032586,-59.354814295657
"637",8469.74952914686,-40.0920471502468
"638",14694.8441506897,-54.5039319945499
"639",2347.84927156546,-23.0331758735701
"640",6072.67512345935,-35.4898611782119
"641",24954.5832991538,69.53852487728
"642",3530.43287528912,26.7030591377988
"643",11543.0714107408,-47.733156629838
"644",10517.1920092904,44.0868353378028
"645",1264.15613339968,-13.9979635830969
"646",6436.62446160551,35.1113245543092
"647",24416.5887684031,71.0846599796787
"648",10595.5871884914,45.289335004054
"649",29362.5112198908,77.4186217831448
"650",26832.8117424675,72.6284755952656
"651",10802.1399424583,-45.6672127591446
"652",5754.83120281468,-32.5230575166643
"653",4585.40875145568,-27.9715698584914
"654",1172.97195869868,-14.9531601509079
"655",22662.7688242592,66.7886234819889
"656",23578.0635348671,67.6958392886445
"657",4454.68858701687,28.2342609995976
"658",27798.3082509877,74.5745958294719
"659",30427.0901487352,76.9981141900644
"660",10111.9500528548,-44.507440472953
"661",13559.333146441,-51.7729987390339
"662",17700.4625058275,59.7824597125873
"663",4327.3356032324,28.6654218100011
"664",13477.6974288483,52.7017973829061
"665",122.453806513953,4.44262821692973
"666",11586.8570596789,46.2883335212246
"667",1637.50503048584,-24.1337211243808
"668",17915.536914607,-59.3621968012303
"669",3468.58474234679,27.2936010081321
"670",1870.93550520296,19.3096521589905
"671",21237.9655887146,64.9436731031165
"672",905.910631758371,-14.83446538914
"673",6767.7301975805,-37.4366476805881
"674",15221.1624970414,-55.9894267190248
"675",27846.1413217159,75.3707545436919
"676",10263.5954072262,44.9784009484574
"677",-121.750823867023,3.35020899306983
"678",19374.4495071619,61.6725525632501
"679",1100.77940951679,-4.21340055763721
"680",8741.22160854467,41.9853543397039
"681",6833.55943930454,35.5400325264782
"682",1806.13771684045,22.238763035275
"683",16388.2213941718,-57.6433238200843
"684",5708.22316774855,-33.4966366970912
"685",4373.6150477453,27.9702705563977
"686",3476.68274406489,25.5812100926414
"687",13387.0384654363,-51.5815515676513
"688",7205.12059336898,-37.3396774660796
"689",4715.61065906393,-29.7513271030039
"690",5068.85476849033,-33.6262611905113
"691",632.751134106263,-11.2727181520313
"692",15931.7717108249,56.9719483843073
"693",15.339955151585,-2.06086731515825
"694",7225.25889678713,-36.2135136500001
"695",1837.61194442953,-20.5245825322345
"696",8887.80896002275,40.0801110919565
"697",3590.50350225512,-24.4861297542229
"698",13051.1464192136,50.347090899013
"699",13890.712304425,-52.4029432656243
"700",548.440712397988,-0.345155652612448
"701",16670.808585077,59.2772532673553
"702",15928.0398120667,-57.3830257216468
"703",1599.51985951401,-20.9536971757188
"704",20648.03792511,63.2689641835168
"705",14781.8973785219,54.1127029620111
"706",948.974038579587,-11.7834156053141
"707",5531.97264392679,-33.0335735715926
"708",5453.2148668665,-30.4455717885867
"709",6461.59453587683,34.920776290819
"710",3155.36294371397,-23.1879635620862
"711",6524.20289031932,34.8744546156377
"712",12989.0424263903,-50.9417102532461
"713",-19.2324563096902,-13.5735079925507
"714",28990.5041690785,75.5589056760073
"715",9030.05400357071,40.833113132976
"716",20933.3947803586,64.6537130326033
"717",9932.35773996594,45.6504427362233
"718",7723.27668522907,-39.6161586558446
"719",1954.74878724104,-22.3558869957924
"720",356.630041517721,10.1401014300063
"721",11835.4280071277,47.4697487009689
"722",2865.87919320466,-24.974376577884
"723",7395.57318662091,37.9273174703121
"724",-534.393394998218,11.603412325494
"725",2350.01431761175,19.8225792637095
"726",15887.4478468104,-57.0034598838538
"727",-199.882779578081,-6.18304527364671
"728",1945.04552761956,24.4444097485393
"729",784.650378549411,3.76772291027009
"730",23622.9668255267,69.7217250568792
"731",1751.92140382733,-13.1448897253722
"732",1494.59025745506,-16.6272424068302
"733",3366.87274075755,-25.8684527222067
"734",6497.8454762179,35.1690583862364
"735",2801.20711833393,22.0694155944511
"736",1371.03994177645,-20.8691557962447
"737",22466.3011907487,67.0786973787472
"738",413.95468469323,-6.33210729341954
"739",5649.32947990639,-35.6178505113348
"740",15560.9798409751,-55.2439831709489
"741",12561.1119427796,-48.744886899367
"742",19424.8991870751,60.3896763781086
"743",11168.5780561013,47.1342041855678
"744",17491.7820350387,-58.3622017176822
"745",4568.60544677335,27.4964718753472
"746",11925.70763128,-49.5452565001324
"747",1000.16368951246,-14.5362570555881
"748",3089.01645385239,-27.9769067186862
"749",5042.50390156851,-28.7414106540382
"750",6698.10261519771,34.4873162358999
"751",14590.6322958958,-54.0358871454373
"752",9722.0359790317,-43.3508268324658
"753",1777.35547807652,20.4677382390946
"754",9474.93270031753,-41.5940283611417
"755",15785.7604924855,55.6382569950074
"756",12925.0894874157,50.3094678046182
"757",11105.0126274554,-46.3665094133466
"758",16645.6346196219,57.8072950104252
"759",4433.1780826012,29.7229370893911
"760",948.790889901181,-15.5768736358732
"761",4595.44422492374,-31.6396704455838
"762",4876.3665748666,32.9261248419061
"763",1958.48671070126,15.842134472914
"764",6195.79877632268,-33.1224787142128
"765",4614.11366008653,-31.1906857229769
"766",19510.2940278381,61.8098686402664
"767",2344.20650582617,-20.2247007377446
"768",-551.937030201468,-0.655038673430681
"769",26174.8387037805,71.6066770488396
"770",23903.9698325527,69.8181856935844
"771",1656.69092620541,10.7856631325558
"772",3544.6574551269,-25.1481130439788
"773",17585.2749503308,-57.8356807213277
"774",12836.0977097194,52.0659548835829
"775",17364.0908403012,-59.3097558571026
"776",5498.26104823307,31.9751134747639
"777",3005.53552485208,23.1506592780352
"778",77.1547840276881,-0.448926105163991
"779",11772.480780414,48.3535860897973
"780",14263.3332089221,-52.9198332317173
"781",1181.47566793442,-13.3016450563446
"782",10645.1556412314,44.7998204128817
"783",460.728589141927,9.42648092284799
"784",306.723133098561,9.47193341795355
"785",12371.1786865344,-50.976010710001
"786",1124.42191310146,-11.6227181768045
"787",15510.5493190822,57.6372230844572
"788",15711.3111070589,55.1349335722625
"789",18273.9953999364,61.4584578480572
"790",21359.8890684953,65.011852318421
"791",1846.90474346525,-17.3476447025314
"792",12134.8461228341,48.8145769713446
"793",6186.41936191028,35.1155618438497
"794",6836.26071535228,35.573127833195
"795",4813.86336824586,-28.5857240250334
"796",259.39172301509,9.07671122346073
"797",6971.98266176359,-36.4569331286475
"798",6815.96022180446,38.2158372411504
"799",8126.84131284677,-42.9402447771281
"800",16788.7885992248,58.5592860123143
"801",4133.98914366085,27.0587579393759
"802",5516.16463826315,-33.5184390190989
"803",6660.16240512909,-38.395001818426
"804",256.252789247778,-9.63290893938392
"805",1269.95751735377,10.6305686803535
"806",14567.605719202,-53.4712901944295
"807",9257.89126891617,-43.0930767534301
"808",17354.4858754037,-59.3870337726548
"809",-257.607937032166,2.04300531651825
"810",3035.22313084929,-21.6808707313612
"811",8636.46272935989,41.7556843999773
"812",20874.294122372,65.3632022859529
"813",146.446677194043,-2.0327228307724
"814",1905.71587544849,20.1894064061344
"815",9501.20131083938,44.286023247987
"816",3100.33008975055,-24.5193427661434
"817",2384.35350132128,-20.2554542617872
"818",1328.57377842295,-19.9933022493497
"819",2865.77987609067,-21.7927679931745
"820",27738.9789360409,73.963992507197
"821",1921.08680931421,-18.3618423482403
"822",-581.806264961846,-4.01132487691939
"823",435.208607576807,13.73008901719
"824",11834.0776997656,48.0639078468084
"825",4216.4953596016,-29.6098181651905
"826",5542.28381424665,-34.2021514195949
"827",26479.251206481,72.0227761240676
"828",30499.5406274533,78.3628413872793
"829",6881.15218319103,-36.4745185337961
"830",4412.24123978336,27.5613918527961
"831",6618.15973689592,-36.9160980312154
"832",6065.35255638411,-34.8690651915967
"833",1459.31837640601,20.0673423940316
"834",4152.42053240209,-30.3235789993778
"835",2329.45306834884,-20.9460392640904
"836",12762.6891650318,50.1862432342023
"837",5247.71317400896,-31.205032132566
"838",24229.5837604392,69.7982204006985
"839",27352.8627661384,74.0274448692799
"840",16814.8839613465,58.7633920507506
"841",2147.01104561028,23.3103981474414
"842",13013.8018755816,51.4355140458792
"843",5796.15861811613,-35.5367911001667
"844",4691.07301744698,29.4856709754094
"845",-229.251417683102,2.79252366162837
"846",231.669317475577,12.2891185758635
"847",661.882675249813,11.0571939777583
"848",8818.45393734257,-42.4363313615322
"849",2041.92724498426,-18.8119418965653
"850",12.1948534157953,2.65349905006588
"851",-476.926015558846,10.6092036701739
"852",7643.78754749918,40.444865860045
"853",28113.2485364047,74.7538800863549
"854",1890.8809448038,-16.89645702485
"855",11169.6894779467,46.8892602436244
"856",1986.71638790723,21.5955434413627
"857",5444.43101650652,-32.1117944922298
"858",7739.23937198893,-36.4608456613496
"859",905.201376068849,16.4457617979497
"860",10869.7672916245,47.5181588204578
"861",2677.91172436774,22.4459115136415
"862",196.247296842522,-12.7303545223549
"863",2079.74094043044,-19.9717276776209
"864",3774.44187432056,-27.9827409982681
"865",1054.18066416166,-14.7318330034614
"866",5391.03176516889,32.9834711039439
"867",5545.34596787731,-34.8572968551889
"868",625.591384914054,-12.8615007735789
"869",3090.40783086325,-24.8319431114942
"870",19625.0682159093,63.9547630725428
"871",20302.2051309425,63.776318593882
"872",759.115058214578,-3.57931688893586
"873",23362.5286818168,67.8863332793117
"874",29343.0985792685,76.3053031219169
"875",11245.0930453873,48.7081040255725
"876",7754.31622610915,41.1495887534693
"877",2485.54634906971,22.1699671633542
"878",22501.6090049605,67.3752347938716
"879",30212.2659571204,77.8136190306395
"880",4464.79421324317,32.0889269094914
"881",18017.8020256745,60.6740564852953
"882",23782.8265928557,68.8463270105422
"883",9637.39191859783,44.3420322146267
"884",21803.0778537229,65.5870471382514
"885",587.019549076987,5.97955470439047
"886",-70.0676236118368,5.69270621053874
"887",22851.6354809605,67.6821928843856
"888",7516.82158893947,37.9303164593875
"889",13491.7820239752,-50.6827241554856
"890",13199.1823187092,-52.0101591106504
"891",6595.37335029643,-35.7207204587758
"892",5895.98061463236,34.6616845810786
"893",17792.1886992417,-59.5524150924757
"894",12866.2536030398,-50.4100145306438
"895",688.041430075626,2.86653226707131
"896",1498.90993619107,16.3472864497453
"897",1552.75894628422,-17.558247409761
"898",14390.2541454562,53.0963838519529
"899",1932.69179851634,18.1326143676415
"900",6480.30304550961,35.1276067597792
"901",8480.54417764189,-41.845622533001
"902",1475.87334611698,-17.2474754881114
"903",2876.31501819333,-23.1659854808822
"904",471.621730609656,-6.94947799667716
"905",2769.14852022605,20.236023045145
"906",1894.98685701691,20.8347117388621
"907",2015.70694707373,-19.3420088477433
"908",7628.50891642283,-38.7813324620947
"909",2396.34583813789,-21.6755652287975
"910",6010.05365335612,-34.8441081028432
"911",-409.059676360871,4.68324555549771
"912",1902.80927844259,-18.6098339455202
"913",2512.7474641005,21.0392990615219
"914",8576.21418806523,-41.9408744340762
"915",16749.9902398516,59.0912886615843
"916",2565.33816061585,-18.9510057214648
"917",9286.66572312229,42.9746217885986
"918",768.60870077956,16.9763144338503
"919",-267.45640714462,-1.67461988981813
"920",9440.52814818237,-42.2521173721179
"921",15528.463212159,-56.3058427534997
"922",11690.4156077477,47.773775504902
"923",2663.84403035337,-20.2043294906616
"924",27914.1230179418,74.8098402889445
"925",17110.3603947287,-58.2432206626981
"926",6183.30361338944,35.1587076950818
"927",344.688115951324,0.983515288680792
"928",32282.0834036249,79.8964266898111
"929",11090.4351060339,-47.9102754499763
"930",563.321831506709,-9.49478163849562
"931",23946.8809323428,68.6377901909873
"932",22990.2457110676,68.1247094273567
"933",4002.67050469864,-29.776197061874
"934",3329.19739004926,-24.7199621098116
"935",9895.47366911956,-45.4262311244383
"936",514.939052476638,10.716768624261
"937",29990.7632785563,76.9283159822226
"938",10368.0962144615,44.43097950425
"939",13588.9759093598,-52.7177249873057
"940",3976.20071231344,27.5804930832237
"941",127.334939712906,-1.87491314020008
"942",8775.92628054833,-42.4567838059738
"943",1885.75674540072,-14.9863751186058
"944",8329.5407701341,39.855597037822
"945",17028.2926193302,58.4195788996294
"946",10071.5590498336,-44.5431940723211
"947",15320.7737327901,56.6383209871128
"948",17159.1895069752,-59.2428786680102
"949",107.360824585165,11.3090089568868
"950",4499.45072683653,-32.7299692807719
"951",1264.223540635,5.19614945165813
"952",15853.7780280802,55.331758512184
"953",7623.08978340525,-39.6302338317037
"954",17312.2332399759,59.0766676934436
"955",16485.0078660848,-55.3374707978219
"956",14025.6967686276,51.7204850912094
"957",426.778414585178,5.2873213076964
"958",12703.0618075107,-52.3545450111851
"959",-918.630142792689,-4.97113541699946
"960",1571.16942249927,13.6435240926221
"961",15087.5743481028,-54.6122140018269
"962",6715.77150389428,-36.7682436062023
"963",3921.36014646412,-27.1356688672677
"964",24392.0635748494,68.9205191330984
"965",15257.118957241,-55.2024661563337
"966",8277.91006464335,-39.0775479888543
"967",3185.0230943685,24.7278902959079
"968",8112.96447038614,41.6733846021816
"969",2805.234421879,23.8274655677378
"970",12898.9061462546,49.5675957668573
"971",501.696523943783,10.0910598225892
"972",220.596795205433,4.0037344256416
"973",5269.3146388488,34.7688640188426
"974",-338.291943358763,-2.92773181572556
"975",11228.8045607302,47.3741532023996
"976",317.938275977609,-6.56525519210845
"977",17688.0617623325,59.3126909434795
"978",19657.2052493498,62.4699614755809
"979",8769.17962421816,-42.0252446178347
"980",1107.19593323636,-16.9438923196867
"981",103.845867911888,3.12255748081952
"982",3028.29811839606,-21.889087879099
"983",25084.6712894039,71.1297097476199
"984",577.195264243494,-4.9875965109095
"985",10907.6910869962,46.5992383379489
"986",28618.5659808842,75.7361604878679
"987",14865.3373278937,53.7217455683276
"988",4662.56875446292,-27.6862087333575
"989",240.904292521981,-1.35859999805689
"990",981.745807255389,-5.69364519324154
"991",1670.6332304012,16.8553390726447
"992",7027.71925412919,36.8862001784146
"993",1593.16159730181,-16.4778802078217
"994",12914.469002505,-50.774452984333
"995",32270.7995571414,79.4308255193755
"996",31676.464721688,79.9365042196587
"997",14389.8872398954,-55.6237952411175
"998",15898.6322980166,-56.8405473092571
"999",15612.1639774459,56.4495866093785
"1000",1435.52868829363,-17.911171191372
