"","n_quejas","ingresos_app"
"1",198.540579038672,52.0263468986377
"2",196.317140478641,55.0259019620717
"3",164.396867912728,55.3746978892013
"4",198.030572524294,61.4623932633549
"5",189.710763061885,60.0398898590356
"6",189.690627274103,70.357624120079
"7",191.199042554945,62.6960051152855
"8",165.143572539091,25.7900734664872
"9",157.188162882812,51.4294836856425
"10",164.15823046118,34.1210321569815
"11",164.323588914704,47.2618933022022
"12",157.804644352291,58.9551747357473
"13",169.834871939383,29.22362732701
"14",197.043936722912,58.9573204191402
"15",199.287294771057,42.9928203532472
"16",176.307744474616,38.4378837700933
"17",189.227570034564,54.0060425968841
"18",151.295313262381,27.9072711989284
"19",174.975074303802,75.3306542802602
"20",197.135866084136,58.7797770695761
"21",196.600396069698,47.6216414989904
"22",166.119777609129,25.9248203551397
"23",193.718411936425,32.3956287605688
"24",156.852017552592,75.3403900424019
"25",154.682083602529,39.1656083567068
"26",152.160217182245,35.9194574505091
"27",171.929379424546,63.0421734275296
"28",190.255979681388,42.8201216179878
"29",194.052339775953,21.8372563598678
"30",153.830100013874,51.2851625680923
"31",173.27822369989,35.8249174058437
"32",196.018517098855,29.9632227839902
"33",175.056522793602,48.9844816783443
"34",163.647072191816,39.5436626160517
"35",174.224454828072,75.5218337988481
"36",160.621378966607,53.6335309548303
"37",174.764375400264,30.7131821429357
"38",161.83869644301,78.3393231406808
"39",183.661733963527,49.6263995068148
"40",189.852435921784,49.1564356535673
"41",189.941558323335,55.2113989274949
"42",189.644892897923,63.2342014601454
"43",184.378692787141,61.5003817528486
"44",176.637194398791,30.5690276855603
"45",194.367268530186,77.1485527744517
"46",150.860834436025,61.3407134404406
"47",165.205839870032,29.4679763587192
"48",190.375922108069,54.5732599403709
"49",199.102151836269,59.1966043505818
"50",157.045647443738,69.9684747634456
"51",154.960519541055,24.0312309702858
"52",193.368380016182,27.1175656374544
"53",181.265396170784,73.5424825409427
"54",177.063038421329,53.476107288152
"55",195.663894573227,50.9003326296806
"56",170.286214293446,28.0460032774135
"57",186.633899365552,28.9555375743657
"58",170.704770938028,29.6806291397661
"59",162.846209364943,53.663842654787
"60",150.754881871399,60.3072193451226
"61",150.813704414759,28.8441590825096
"62",151.065208204091,54.2388409748673
"63",178.289772348944,65.4968141904101
"64",179.555857821833,53.9472221164033
"65",180.218721716665,66.5430885786191
"66",182.107561407611,60.6427025049925
"67",155.197082518134,33.0959631316364
"68",172.856344701722,36.8868834571913
"69",190.672424458899,25.673346077092
"70",164.699012984056,55.586413196288
"71",159.264550392982,41.3130575511605
"72",153.217060538009,29.2011144990101
"73",168.079149408732,47.9751524003223
"74",194.987894699443,36.5069971513003
"75",183.281391707715,43.8764903880656
"76",156.733426230494,38.6841171374545
"77",193.566524644848,55.1737913535908
"78",198.556386760902,29.0429400792345
"79",160.959627677221,58.6560659622774
"80",186.485959321726,20.3845447581261
"81",197.567754273769,69.0111133549362
"82",198.254534241278,64.5265116961673
"83",166.932372830343,59.2548512294888
"84",154.766813281458,46.4440773800015
"85",187.962791963946,46.5393207641318
"86",151.762663840782,67.1878500794992
"87",186.576909467112,47.560417256318
"88",161.64120886242,79.0563222300261
"89",165.73073976906,42.2865090984851
"90",194.162564142607,79.8675501579419
"91",194.24654992763,48.4635121701285
"92",172.849569225218,33.2079269737005
"93",160.742463404313,21.8663110816851
"94",195.974151976407,33.7749426066875
"95",194.675797678065,56.5564285684377
"96",187.170116207562,42.244727127254
"97",152.690299309324,38.4297379432246
"98",182.529023883399,29.4623470446095
"99",194.807085534558,46.8923238338903
"100",181.008028343786,60.9827315900475
"101",67.0395150257626,61.1976588424295
"102",71.6021921629768,69.9141070432961
"103",48.5481657323442,26.7835100414231
"104",51.7512816117054,53.3987473510206
"105",45.3303641243697,31.5303789498284
"106",46.4467817071772,22.9133937507868
"107",56.9683839774968,58.1833152100444
"108",49.1471670420262,20.1683745952323
"109",53.9960488981748,50.1178936753422
"110",55.1706970726555,48.7684035906568
"111",66.9978260664752,74.2785460455343
"112",41.9719477798484,24.5867934031412
"113",40.5431807674542,30.3024197136983
"114",56.3976080375096,55.8915281342342
"115",53.0295677057628,49.6796354465187
"116",68.7749168421836,69.3396047782153
"117",77.1979142100538,73.0885957088321
"118",42.5401022971216,31.7332336632535
"119",56.9357123294012,47.7807870181277
"120",39.6495060304371,20.462903007865
"121",56.5678419855338,57.3927131621167
"122",52.9942417776228,57.9732564324513
"123",56.0200240426362,38.7972678011283
"124",54.4488838210677,66.544676697813
"125",73.8437535851093,79.9395427294075
"126",66.642310825779,65.0889929290861
"127",58.125074358215,50.7718606572598
"128",53.4309567101068,55.6960787344724
"129",44.5289548775224,26.4916092716157
"130",50.4237117696342,32.797174686566
"131",54.3343747836838,50.6883768737316
"132",62.0487939602235,59.1853374941275
"133",73.0678198509523,60.804213215597
"134",58.854904184575,55.6657786574215
"135",55.6504268524818,53.9671770250425
"136",49.8881382728181,37.5282747205347
"137",57.7539766718237,57.303318977356
"138",53.5623693038348,64.0405945526436
"139",42.8555385579035,35.0088037224486
"140",62.3167488358202,63.5301684588194
"141",44.4735286894842,51.1180382594466
"142",49.1492800327739,41.2275834288448
"143",48.8327468478492,52.2039755480364
"144",63.9936657143168,69.6630087634549
"145",62.2872846888108,67.9451867565513
"146",37.1452719746032,27.2721621021628
"147",69.5948113496991,77.947572809644
"148",65.5507747630728,59.3058537412435
"149",61.65982121989,51.4198260288686
"150",52.2149925099435,44.3759604822844
"151",63.3424851073665,68.6678963946179
"152",43.9448490064251,31.7539530014619
"153",73.5719133926201,74.1033145645633
"154",45.3052100665211,45.1632536901161
"155",55.4006284860674,50.1575685897842
"156",62.9120869302434,50.3407325781882
"157",67.2517830801948,74.8647032212466
"158",44.078110649785,28.9134928723797
"159",65.3458487263622,76.2239397829399
"160",64.7301352223273,78.5283739771694
"161",52.4882569538954,45.4709025891498
"162",69.2025487795408,68.7373691285029
"163",49.6617484749232,21.7664520908147
"164",69.4716288983881,75.0688382005319
"165",41.1700696289107,32.8454420575872
"166",54.4553327030328,53.2396901072934
"167",37.9604230220198,25.2329852618277
"168",39.2851839691107,23.1111972639337
"169",48.8647160134887,29.2086208844557
"170",57.4161376743784,55.1553206983954
"171",64.4592827061458,74.9196232110262
"172",38.0697051712651,21.2921780813485
"173",47.3196009070688,30.5327165545896
"174",40.5334139419582,24.9885362479836
"175",56.8591552975386,49.5124591002241
"176",68.4028301934623,59.9534126045182
"177",43.1280686206523,21.690360866487
"178",62.4389950985728,72.7869070135057
"179",59.4141214948362,67.7354378579184
"180",37.7488738952963,24.0079163992777
"181",50.0585169932279,42.1682945359498
"182",36.5756054737331,26.6654977481812
"183",66.973370039179,69.5581669686362
"184",56.4538476676641,56.7533604055643
"185",58.2566885670527,58.2786154933274
"186",61.3825029983801,63.3649572217837
"187",33.8975762635678,25.2934767724946
"188",41.9499961918514,32.3873847676441
"189",48.2463277528828,36.3196890661493
"190",53.9145627967856,51.2329047406092
"191",53.6226142657456,66.6083286469802
"192",51.0735443609224,37.353958026506
"193",73.1438565628379,79.3669709702954
"194",51.9878965569208,38.6593370186165
"195",51.7689336162821,54.8927901731804
"196",65.1312902480149,62.0611063903198
"197",55.9987144274021,52.3683341220021
"198",43.4256024224391,20.677557499148
"199",61.0120826217842,56.2345934240147
"200",53.3182973713368,25.3507196111605
"201",60.934833987428,58.8683859957382
"202",59.7128850962031,46.289165308699
"203",64.4231813018644,55.2743896422908
"204",48.0392963066955,33.5572850611061
"205",66.5144470690515,69.1339106950909
"206",50.8014372404514,43.1779006682336
"207",34.113351645106,26.9767595268786
"208",64.7078073763921,70.6746933842078
"209",50.3581148668406,35.087505588308
"210",55.7202016031929,45.9063115855679
"211",49.6311732329854,27.1522412635386
"212",39.4313365288298,25.8399319602177
"213",40.4351436030795,20.7713006064296
"214",42.5840576949752,31.2004283349961
"215",50.2640403454585,47.6523356791586
"216",51.8213673192737,45.314673804678
"217",53.5323190138559,66.8669471563771
"218",43.5162898846673,31.992321475409
"219",61.5795067451483,48.0529538821429
"220",62.3308007151592,67.5759785901755
"221",40.9432961440301,24.1875907499343
"222",51.0348868448823,33.8798863952979
"223",62.6170032713216,58.8396229641512
"224",55.0684325367936,58.0571368755773
"225",42.6217274151786,23.2706048293039
"226",61.6390717924911,71.3852311158553
"227",55.3635519484394,37.6897006342188
"228",32.9849467245997,20.0264513725415
"229",38.4149219120747,36.387893226929
"230",54.5882497408649,41.2240721937269
"231",55.6497402503406,50.3427061950788
"232",49.1844329668294,37.9897549841553
"233",53.756668413094,50.5309080006555
"234",72.1460013122107,75.4827137105167
"235",53.9756101179746,34.230993911624
"236",52.9293506557828,45.621097702533
"237",51.3543536784688,46.1156759085134
"238",54.4558238648144,58.1587559822947
"239",43.3198398624186,40.6879790639505
"240",67.2954589732862,71.3293309463188
"241",43.6104857387966,36.81981515605
"242",61.3402792573285,74.5523507194594
"243",57.441523988189,55.5810600239784
"244",66.5866004473019,62.8479014895856
"245",65.4376970684118,70.9612293308601
"246",61.3481819473775,64.8980678990483
"247",62.993671227659,60.1507140276954
"248",62.8386871765652,70.2842949843034
"249",61.7550989009526,75.0910072727129
"250",44.660443517892,33.5945989610627
"251",46.7547813694118,31.2054368853569
"252",44.4228208795605,49.9071969091892
"253",66.2690322376431,75.1500434894115
"254",78.3777002936148,77.3310656007379
"255",57.218874259334,56.1667717294767
"256",61.2829807367176,63.5126981558278
"257",45.6082267218815,30.1722124079242
"258",37.7937080829399,33.1999003235251
"259",65.916591555433,66.8292772769928
"260",52.7906015687382,53.7755971029401
"261",75.3988866864401,75.1017415151
"262",73.6571071408785,73.3891781326383
"263",48.8753908755641,44.9733395176008
"264",45.988885608628,37.5864818692207
"265",46.8179261555944,37.7855954039842
"266",56.6395404753278,36.6415925370529
"267",64.6166350143738,64.5827517518774
"268",38.3777801080267,35.331671894528
"269",60.4801914400579,60.6231852434576
"270",56.6229936438292,56.2988883210346
"271",63.6882958606317,74.1493536345661
"272",53.6509617514943,52.419005590491
"273",51.1667295506832,33.138358797878
"274",56.9268486700613,54.8628282500431
"275",43.7453601003508,23.0388968670741
"276",72.4767006904249,73.257446102798
"277",58.1863714676467,59.6899254387245
"278",35.1103399166636,21.441309726797
"279",63.9241147214866,52.3633862426504
"280",48.5972094323655,39.4451496051624
"281",65.6935599633385,71.2271373998374
"282",44.0553052382714,34.3058211170137
"283",52.0793544357887,55.6344982050359
"284",60.6423815624355,71.9984569912776
"285",57.5001597609088,34.8040438583121
"286",70.4071914667862,75.2268641628325
"287",54.1090020533198,33.6067233560607
"288",58.4722687713633,64.2222154187039
"289",45.3036941922934,29.1024040943012
"290",60.8781355233571,59.1744241723791
"291",56.066817386452,56.0637819860131
"292",62.4474455901712,59.2847801558673
"293",65.53765618837,56.6456814762205
"294",63.4526346410452,56.3257882092148
"295",67.0810643046448,74.7391240252182
"296",42.6708169473024,24.554346119985
"297",63.2216911750494,58.8707990758121
"298",51.5404576527171,43.228622386232
"299",62.4603079848343,71.8660002481192
"300",67.9783575838724,79.0411651367322
"301",52.3775649971282,56.2778432201594
"302",50.122654879432,37.6379207987338
"303",41.6331347852029,35.2816939307377
"304",61.3002676275844,68.7618970638141
"305",58.767796492909,40.5387864820659
"306",76.3484152870145,77.8403396578506
"307",50.274481880079,48.8759785424918
"308",69.0099337182569,76.1785743106157
"309",63.2479709605272,63.9359209965914
"310",59.7863299959668,68.6081909108907
"311",60.8266036871311,66.5998374437913
"312",50.6920151805795,43.3140711812302
"313",55.002518776151,59.8553236899897
"314",60.45892575184,72.8181678242981
"315",58.2766149101189,51.6240024287254
"316",46.1922400092117,25.2458744356409
"317",41.3421067148801,32.2985125798732
"318",42.5627237133301,28.8772899797186
"319",51.0782623605054,48.0621457006782
"320",60.3162759005385,78.5540890973061
"321",66.1378885867616,67.7892979420722
"322",58.8699002762204,56.3767187902704
"323",56.3467642197348,58.8755261339247
"324",44.7366378892638,26.6139643266797
"325",68.4866011976592,71.649433048442
"326",56.0325620700387,42.2689094068483
"327",50.848593811765,46.6008015908301
"328",59.4487714929984,56.8855777895078
"329",37.1302069862914,22.7403924427927
"330",51.2021731087297,56.5686126984656
"331",74.2200517581834,72.0565237570554
"332",43.7216412910934,23.7624242296442
"333",58.8758156368357,48.9185705408454
"334",64.6380090052122,77.1073321113363
"335",54.4878225791365,66.2174573820084
"336",55.6141338490284,47.6057111332193
"337",72.434539871474,73.850158136338
"338",54.8430141515802,62.3865127842873
"339",51.5771429991929,32.9977950640023
"340",55.7375804152322,39.2868940765038
"341",39.4176321035906,31.3568114722148
"342",52.8261754556173,27.1240582875907
"343",48.0633969753984,50.345763284713
"344",42.9823058635331,26.8072507344186
"345",46.6084774445612,33.3603320317343
"346",65.6030826435035,50.7505573518574
"347",46.2452749682878,37.7598497597501
"348",69.526095106971,74.8328694934025
"349",62.6902217753743,41.7153617879376
"350",35.8697099943862,30.4303882829845
"351",55.35583213324,48.4716587653384
"352",44.9476448152433,31.3006444927305
"353",63.5531569586454,65.8476588781923
"354",60.6455421366652,62.7963927248493
"355",43.4817383679074,29.4936298159882
"356",61.5549058418797,55.5358617007732
"357",42.666029163206,39.298621811904
"358",59.4615247256475,53.4950073901564
"359",55.6583480810735,63.0500064836815
"360",50.7539386643667,48.3398235123605
"361",59.2475046262193,57.862501302734
"362",55.0884685268305,59.287124434486
"363",58.3266832111656,64.0180980693549
"364",61.5926121956476,60.2215079730377
"365",58.3425332275616,41.2367224134505
"366",54.9851984025472,42.7845431631431
"367",44.4099995220755,22.6688771229237
"368",61.3234913323079,52.2898223437369
"369",71.5618528576144,65.6551120616496
"370",51.6028238164742,58.0592346424237
"371",57.5785691319993,58.6400964669883
"372",64.4244926771725,42.0384451095015
"373",61.0739158407437,50.3896351018921
"374",45.6424498806573,30.7303776731715
"375",57.5057003257748,49.4014204107225
"376",54.779526344559,57.0013309363276
"377",48.0990208218171,42.6192627893761
"378",61.5008702669084,63.9331387914717
"379",56.1729208744975,36.5468033961952
"380",54.6706166545232,46.1216033808887
"381",52.7051158580474,37.3072562273592
"382",51.2938508727689,50.7490590307862
"383",62.0392823649359,66.819324856624
"384",58.7718403693155,74.8757941834629
"385",49.2446224720623,26.456670970656
"386",51.4901549266323,44.8549524974078
"387",49.4442718774383,41.9062438467517
"388",54.4097350781315,60.7394208665937
"389",54.0348970141145,47.1973638096824
"390",59.105843198533,38.865701444447
"391",73.7465109930351,77.6967985183001
"392",61.9943511841128,70.5661281943321
"393",55.0767096055266,34.1450852574781
"394",55.6079803127977,48.5618449561298
"395",43.521338461018,22.3736373381689
"396",64.6188715671359,62.2751488350332
"397",45.2959152425205,29.5145022077486
"398",74.7523103247209,77.6141895120963
"399",69.6666698223094,77.5219418061897
"400",61.6380447700324,56.0418452741578
"401",68.1845099256962,71.0471154656261
"402",65.9968565926252,60.363595620729
"403",47.2262189195774,44.5802647899836
"404",36.5772935083721,22.0012684399262
"405",62.3093146020169,63.0056471331045
"406",53.8399321424732,58.7713144067675
"407",54.9639253003004,66.0623734537512
"408",48.0310146941995,29.2116809636354
"409",50.2934198243643,37.111767991446
"410",62.06799683399,66.822436680086
"411",46.7396765543483,33.2102004950866
"412",63.5573475008159,55.9004045557231
"413",53.830004240834,56.5394558152184
"414",51.5535306454169,41.9184997538105
"415",45.7249731134267,40.7135218381882
"416",70.2528742745703,78.7591750035062
"417",88.3438763673786,73.4069552551955
"418",52.3586956373468,42.7967433165759
"419",37.0383610322066,20.6152691459283
"420",36.8825128680821,23.2318596914411
"421",77.2552183123737,67.0524563873187
"422",53.7754686572162,51.2400258658454
"423",53.4695758028237,56.3608713075519
"424",62.5722500089704,73.2803108729422
"425",45.6326004723721,42.8613197617233
"426",46.8928226668177,23.0565865244716
"427",71.4738645758441,64.2087659845129
"428",68.5697967908861,63.99653182365
"429",65.8611764640527,74.1800865670666
"430",62.4844855130868,69.844159851782
"431",44.6781042030875,28.4529580036178
"432",50.9989379674772,42.6637739222497
"433",53.6202743490669,58.1874800799415
"434",67.7675767693423,69.0695149078965
"435",51.44077663851,20.604522107169
"436",47.6839032784575,38.8030751049519
"437",33.9246991188398,29.1996850213036
"438",53.4524336621961,46.7585086775944
"439",55.9991119906879,46.7537812003866
"440",69.7102108743957,68.8011537631974
"441",44.8471270377079,22.2636011103168
"442",52.7973941818221,32.6477658795193
"443",55.9140785144807,45.2462722640485
"444",66.1104544232738,64.5172882918268
"445",48.8507638088692,39.0314653562382
"446",58.7569203550825,68.4709798824042
"447",63.3702284684531,41.2189724203199
"448",65.6659619474059,56.5646072523668
"449",59.5622760494835,73.6261834017932
"450",49.3498951252293,41.3519250648096
"451",45.0656956198149,23.2047390937805
"452",46.414897652904,24.9104619910941
"453",49.8226242264928,30.791155048646
"454",46.4516278461489,24.255632609129
"455",50.495984616592,49.504307154566
"456",66.6516456533701,71.7561172973365
"457",50.4014927888674,53.9807952707633
"458",47.2864461003751,33.3708575787023
"459",45.8202122260221,30.1449249405414
"460",45.8988302075917,38.4055386623368
"461",80.8024483608783,79.995405334048
"462",50.9409376267785,41.5712923230603
"463",56.6439455786203,59.079991010949
"464",62.8195801808493,76.1135428398848
"465",69.2450846575188,68.9481336763129
"466",61.4367421279164,57.6226852880791
"467",51.6805191364575,42.2578698955476
"468",61.0043290574155,52.4421390565112
"469",57.2305567925735,71.4239241881296
"470",67.0105752028032,69.7750496771187
"471",52.3850112147396,29.7561373887584
"472",53.4019917793587,51.3248914480209
"473",70.3565751223975,58.9448726223782
"474",47.4134857040185,39.6969560859725
"475",59.7839330900525,64.2071904381737
"476",78.3717836978941,69.7996477549896
"477",58.9669538559431,50.6543772341684
"478",44.8021023159531,37.6234446652234
"479",60.2898795945114,46.3155357679352
"480",43.5625786091567,24.8976446222514
"481",55.4116750400164,33.0373872769997
"482",58.7546005768217,54.8253353685141
"483",74.8243267030342,79.69123150222
"484",48.6268091894484,53.8668141001835
"485",64.788125366566,69.6110660675913
"486",44.343327186154,29.028430711478
"487",64.5779838379245,58.7238260218874
"488",60.0117400024437,38.3611580077559
"489",71.4411389365933,79.707821928896
"490",50.616739401821,25.9300170233473
"491",45.0654378509382,36.7194225592539
"492",57.4323961642735,52.2451680479571
"493",43.99059993238,21.50941752363
"494",69.7895342360657,58.372905771248
"495",62.8993062848257,63.5432251449674
"496",58.0888058613178,41.7161420872435
"497",65.3964672504104,69.8350563505664
"498",56.7300209000076,62.209182404913
"499",60.956085205319,45.3619208047166
"500",56.6936064373781,56.7019708594307
"501",48.6811789086528,30.0707643479109
"502",52.2503063224459,60.3772740345448
"503",47.6341412032263,33.1290634907782
"504",55.8791344695003,61.5506434021518
"505",54.2533611510016,49.7933729272336
"506",61.28794769783,56.3424345990643
"507",38.0785971037944,29.3876550951973
"508",51.1357940696055,58.96705979947
"509",74.4719352743803,78.1086536543444
"510",54.2758568579586,42.3057932034135
"511",71.3194331366913,75.6733268219978
"512",59.0657411945473,72.1803229581565
"513",42.8762345250091,46.8465157831088
"514",69.7599999193211,76.052920515649
"515",42.2208029756345,29.9589271005243
"516",50.8816753887509,40.3629165096208
"517",48.4200258911746,41.0633422154933
"518",63.0861965858878,52.8555618040264
"519",39.5531138901982,24.7479759063572
"520",52.7358027394558,58.8264836883172
"521",61.3782110947534,63.5191653249785
"522",37.2350873810535,21.6591982636601
"523",39.4738168228029,20.1977428141981
"524",46.39880935072,30.1114352280274
"525",67.9830603094746,74.8063824279234
"526",64.4017706496907,65.4667797777802
"527",64.4542183687948,66.6344462800771
"528",55.5769016200938,57.7777515584603
"529",60.8710801317151,53.2256551412866
"530",44.9479262706637,40.6213608570397
"531",49.8440940840853,52.5210534315556
"532",66.2886427844873,75.5063833808526
"533",57.1172366861857,52.6346403872594
"534",57.941230693964,49.2418732866645
"535",55.9243787191681,37.0340618258342
"536",38.8231298928623,21.8847112031654
"537",54.0515151790924,49.2012892849743
"538",61.8249294328149,61.1133008264005
"539",66.1552776606276,69.6850406518206
"540",63.7395355061753,68.1094790156931
"541",59.1115717706157,58.2191005302593
"542",65.9198033932063,66.3149071484804
"543",63.2246881187281,52.6734965853393
"544",41.015319464451,29.0655746264383
"545",50.489472848916,38.8979911478236
"546",72.245384270277,64.1927907755598
"547",49.6404015151478,36.9059863453731
"548",76.1191084096987,61.1090220184997
"549",57.8401603696608,67.4078089604154
"550",58.394440845259,46.2449353327975
"551",64.4456583217898,64.2043564748019
"552",42.0974940977719,22.1976814372465
"553",75.8924452640112,78.543513789773
"554",56.1786947253633,52.2316712560132
"555",63.5137695324362,75.6030325079337
"556",46.0039149919558,34.9882476916537
"557",46.8354818683445,28.9697261666879
"558",65.6831069133207,69.9467866867781
"559",43.024611344147,40.5026777461171
"560",39.1896727779332,28.688952778466
"561",67.5710579613385,66.9856607634574
"562",39.0801964298962,41.1772911576554
"563",50.6585125026906,37.2519667912275
"564",39.8827997010034,20.8885314967483
"565",45.0914029045684,46.487023695372
"566",48.2363495189732,45.6109069706872
"567",67.8610029289624,73.2788605242968
"568",46.2076069211938,37.2297354694456
"569",58.736545940687,55.2917138487101
"570",40.2352413843081,26.8419144302607
"571",59.1052992185174,54.9529862916097
"572",51.3688806469418,28.248950149864
"573",50.393750083496,41.8603514460847
"574",50.4887684268003,42.3869654536247
"575",52.7779890984273,37.8728919196874
"576",65.4421470062715,78.6885484587401
"577",60.8950911187821,63.158982694149
"578",60.2141951968429,72.156724142842
"579",57.5352725645692,66.8730525765568
"580",56.2929896288363,58.4883956983685
"581",42.7188901293376,42.5205250177532
"582",70.8368567430661,64.6079855272546
"583",48.3445001407426,45.5596437957138
"584",49.6069810246279,35.4433098062873
"585",43.367885514215,36.8401692528278
"586",63.057835464815,78.5885976999998
"587",44.2970341177615,26.7450419533998
"588",58.4446532056382,36.1837364826351
"589",66.9085763488824,63.9745023939759
"590",62.3712522784749,68.2110713003203
"591",61.1204801536799,65.2533474098891
"592",46.9519804265261,32.1207710541785
"593",61.2193475329707,62.2424520086497
"594",62.0200868340419,66.3152318634093
"595",41.1866183931376,28.8241616077721
"596",52.0013164325508,51.9140910590068
"597",66.9595349080812,59.2527815978974
"598",65.1454813794526,66.5779348602518
"599",55.8417834315847,72.503452883102
"600",45.8710000867951,26.8173479801044
"601",51.6787588922899,30.8959744498134
"602",51.087936159637,60.1549485651776
"603",48.1075371591981,40.2876368071884
"604",37.1086593398893,24.0147641766816
"605",60.2084123110749,68.1945723900571
"606",67.7525651074166,71.6632583551109
"607",70.5031109506809,71.597742382437
"608",58.9708934641418,44.7688404284418
"609",53.9464205321519,47.1321470709518
"610",52.3522757172889,24.3273603683338
"611",61.8312985170007,41.1012405576184
"612",67.7604169229267,64.0935312584043
"613",54.5235277150948,58.037158777006
"614",44.4123178069338,22.7399577992037
"615",63.7985516220276,64.1176255978644
"616",43.1070164372,28.6708955466747
"617",79.5086654412568,79.7407547477633
"618",64.5625919631894,54.2212544428185
"619",38.8179416496186,20.4913780791685
"620",57.8552215866592,59.1364471660927
"621",57.0462476481734,61.218862934038
"622",51.9730452209859,37.9273135494441
"623",44.2673513814823,25.2146188635379
"624",54.7614097273906,50.2129869675264
"625",65.3660327015106,79.9572506174445
"626",54.3123461227397,43.7584623927251
"627",72.8143587814659,75.1566730439663
"628",42.0938124202568,40.7368075754493
"629",70.024888430751,65.4840730130672
"630",56.5386474400279,43.6198888160288
"631",65.4417838244179,60.7085446733981
"632",52.5162176983239,36.2061862368137
"633",52.4717326645267,59.240218703635
"634",45.5519478301866,42.2802947135642
"635",34.2364152273931,40.7351872557774
"636",52.5941959021213,56.608981215395
"637",55.4867131104321,52.9441814729944
"638",72.3853311222734,73.9720687549561
"639",57.910743701973,46.9435027427971
"640",40.7757596998167,22.7411266276613
"641",46.9198697333067,21.0950670251623
"642",67.3235748411356,72.5045095337555
"643",42.7450042758864,34.8382152151316
"644",46.6713757734105,31.8549842294306
"645",67.4439805750501,75.5049595888704
"646",73.4003145737345,72.6770587358624
"647",48.1122921121894,42.1295381523669
"648",56.8545079457016,31.5193059109151
"649",57.4857559447918,57.3550546960905
"650",48.6446062662324,22.8625051071867
"651",63.5946795265745,67.2949563572183
"652",65.4081898769284,70.8388828113675
"653",44.5323670685517,49.0548631222919
"654",49.1789603659531,37.0753336185589
"655",47.533915659059,35.4822452133521
"656",61.3309757504513,56.6535184299573
"657",56.6076787777121,53.83124074433
"658",35.6218367351875,28.1878249114379
"659",46.7252886446953,42.1136259194463
"660",62.7743947852998,67.844805251807
"661",48.4101776109898,46.1239971127361
"662",70.1515129862373,68.4646824328229
"663",40.8161375508633,25.3273235820234
"664",50.3357511728985,35.2983690146357
"665",60.2414829844299,66.6809946345165
"666",77.0388478083414,76.2687410414219
"667",60.8824048138658,60.698595228605
"668",41.0118817677746,26.1757395556197
"669",38.6361494372818,28.8499666796997
"670",42.0232602779793,24.0893177548423
"671",38.4589405085692,30.0299281207845
"672",36.147578429946,27.8988036746159
"673",65.4903614323757,72.6006768690422
"674",65.4845901471402,69.2607937939465
"675",51.7692334623159,24.1422429773957
"676",50.2854911089345,36.4203220559284
"677",68.4354225931605,71.7897683475167
"678",61.1366835334216,65.8032836439088
"679",63.6884126151878,60.7261555967852
"680",67.6081522927179,43.3149198349565
"681",62.2210623825167,46.5387193625793
"682",62.2168443148862,63.2549112010747
"683",69.8023058347833,76.2079853611067
"684",52.8642084585233,42.769525446929
"685",48.6189602584442,31.8915648385882
"686",53.5478087968014,52.5902188150212
"687",55.0670036890745,30.1899458747357
"688",61.2782751734018,58.8880056282505
"689",54.8826378166697,73.2636664388701
"690",77.2206665577043,75.0300041586161
"691",65.555837500903,67.4341404158622
"692",52.0448792325203,40.7504769507796
"693",65.8077929449033,74.5950154727325
"694",57.7289343155308,54.3694353708997
"695",60.6672998845295,47.6865361910313
"696",49.6587869327908,45.9842401649803
"697",54.6757455955748,46.8113670265302
"698",59.2036193260702,54.0140076121315
"699",57.0748194734571,58.0017509916797
"700",57.7425371074227,51.8684506043792
"701",47.3634200548012,47.409136518836
"702",67.1187073372683,68.1847576843575
"703",42.8322596651809,23.4573310147971
"704",64.2233295139035,77.9860987188295
"705",55.5505809629349,44.8365214606747
"706",60.0754992586719,53.9890846656635
"707",73.197152637165,71.8016535229981
"708",48.2306951238942,34.5323265017942
"709",49.2026813534873,47.3074176814407
"710",63.3825862578836,73.7724668486044
"711",47.0581999820414,30.2173972502351
"712",64.1181977179054,57.9191110562533
"713",37.4561023119306,26.5757576143369
"714",48.6639149701728,31.0445546219125
"715",47.3238559865709,36.7734089307487
"716",66.1955722911079,57.4852373590693
"717",63.0854346979047,66.3297928497195
"718",51.6296632932645,45.5719336355105
"719",46.7996837765054,27.418199442327
"720",60.374400115119,57.3872660286725
"721",55.833558380899,36.1317428387702
"722",45.3572006626101,32.9299747524783
"723",61.7240093345452,60.755306109786
"724",50.4948681656489,33.7257259432226
"725",52.3605576634478,27.8438446391374
"726",50.4181077470581,46.1692460207269
"727",35.8269819657579,27.9110796703026
"728",47.7709724535021,21.7649032967165
"729",71.2914630091603,70.1617835927755
"730",38.8526934304188,25.4368877550587
"731",70.0683758823004,77.850978220813
"732",38.751098686694,22.1491584740579
"733",45.1468778959082,36.9822806213051
"734",52.9862966221706,45.7769034104422
"735",54.3483251849268,48.8605081895366
"736",52.8612835841426,41.3474542135373
"737",48.7138141286256,34.2525536334142
"738",45.7109276788456,29.5617156242952
"739",58.8774670065907,65.5901537369937
"740",67.3397359475235,61.0235712956637
"741",39.0880670883089,32.9601226421073
"742",49.6121866034943,33.7183679733425
"743",51.9812185040117,44.490487719886
"744",55.2624835130099,34.9440772552043
"745",65.1344006656543,58.6641511321068
"746",50.8892557585298,30.427337186411
"747",37.6144340304547,30.8711359230801
"748",43.2175484512689,32.2041500778869
"749",37.9457854659111,37.8079423261806
"750",58.769330423085,51.7302245553583
"751",40.1124116082908,25.4417049465701
"752",42.6047746354243,22.2686944017187
"753",63.8145438697679,58.94912884105
"754",60.2158853474532,59.7974310303107
"755",58.0260874624134,65.144165144302
"756",36.492058024069,33.7919963849708
"757",40.0825543446894,33.9449620945379
"758",50.2256699341877,37.6665219198912
"759",63.5518882043424,69.5969678182155
"760",46.839030179048,49.7321609361097
"761",51.8595273360751,50.6428893748671
"762",54.1921154870357,43.7166513362899
"763",55.605142251888,48.8817821443081
"764",57.7859861357443,38.4876767871901
"765",59.8247658294703,62.2968706069514
"766",40.1952898256873,44.3832695297897
"767",49.7582881042247,40.0908433413133
"768",55.0023696327396,52.6533391000703
"769",63.1021141768417,63.6086641717702
"770",41.6899812527004,23.255476555787
"771",73.0832297933839,77.1985519863665
"772",64.7543927258144,79.1199382208288
"773",58.2048847439818,59.0062276786193
"774",67.9852937006554,62.3096742853522
"775",49.4912352144253,39.881129199639
"776",48.8949313834911,33.5629905946553
"777",36.7268549637909,21.3362702028826
"778",56.7264169925254,58.9835072588176
"779",43.8369939961782,44.3678557546809
"780",46.0573784358006,24.2528960853815
"781",56.0334010807213,42.8677976736799
"782",46.4036480707272,44.1107713151723
"783",73.2627147365497,77.7040516864508
"784",49.3662611330326,57.7761146286502
"785",53.1866776520999,59.2739883158356
"786",57.0091774844441,47.7020521415398
"787",51.0715762669473,45.6431362265721
"788",40.1743245455615,21.5753234922886
"789",48.8146089285404,62.6220916071907
"790",50.986882312791,40.9965192526579
"791",50.7057744937115,25.5192662589252
"792",50.8255408058823,49.7883560089394
"793",54.1786525135213,46.8462191475555
"794",48.8660737773416,36.4845228102058
"795",66.2008629506222,71.2365198927
"796",48.7754127530632,39.1223171819001
"797",69.8381222307679,49.5401485217735
"798",58.3011570454447,66.4049770263955
"799",46.1861228283031,25.6237828359008
"800",66.6912133851925,69.5550022972748
"801",66.3915836754989,75.7423855736852
"802",44.5418672623685,29.8278703028336
"803",64.3132928226783,73.6456001223996
"804",60.3129282483796,58.2467114413157
"805",52.796056465518,24.9841184681281
"806",59.6146806902485,57.8233683481812
"807",62.236795018778,51.2349373940378
"808",64.4870633096729,64.8035577638075
"809",56.7906062169903,50.4085278976709
"810",50.9907941286724,26.0003407998011
"811",30.3356963872993,20.1053490675986
"812",55.9521218935861,60.1810901844874
"813",38.1958963274982,25.6797441374511
"814",63.0956423529547,68.3782760472968
"815",51.02253973215,33.048464730382
"816",56.373551562862,49.3772149411961
"817",54.7751481890768,44.8012650664896
"818",65.8067673235145,75.9399376995862
"819",72.7709299900851,67.3973399354145
"820",56.2124358328913,33.5850207367912
"821",50.9191525916986,42.7824317477643
"822",39.0935634767397,23.5351418145001
"823",52.3577192173168,52.1958957146853
"824",51.9444542361515,50.2889000903815
"825",65.2899488950327,78.9484351221472
"826",67.5265641613472,76.2461135629565
"827",38.8748069751636,27.6823766203597
"828",49.8352994713409,46.5958320442587
"829",48.1669790978281,28.8340087514371
"830",57.7895219195485,60.2992218639702
"831",48.7194158912072,53.7229882972315
"832",57.4072243564625,62.7136981114745
"833",52.2101790720958,56.977873230353
"834",48.6087078388052,42.9529324686155
"835",59.2695524733695,52.8583329729736
"836",70.8977223134256,68.1667909491807
"837",56.0481501988581,41.381004457362
"838",42.6543987529186,36.1235218122602
"839",38.1821095592144,20.19591008313
"840",62.5786988057072,72.8042121930048
"841",57.4700269353227,29.0018481900916
"842",47.6653215759289,25.6451637297869
"843",73.0488050571558,78.9978767419234
"844",65.071687688296,70.1876857550815
"845",57.6247288817802,56.4383074501529
"846",64.9783023880172,78.0388350551948
"847",52.9953913767348,42.6750792795792
"848",55.0771460275695,30.3655702853575
"849",43.9708547344639,39.6560357743874
"850",55.7839769992801,52.8591368533671
"851",37.6435900631737,24.1847650287673
"852",45.3294726708394,25.7538561569527
"853",64.0882060220122,71.0056301997975
"854",65.9897228167001,71.6353363357484
"855",43.9816409117861,37.2206901526079
"856",44.3111229560456,36.8359292671084
"857",46.3823188072638,36.3841176545247
"858",56.2298418948198,55.77310226392
"859",44.0540411894408,37.698635016568
"860",54.8125644952315,44.1316619655117
"861",66.7527386066507,77.6000116346404
"862",71.7104975777698,76.579671301879
"863",55.4505895765415,39.1080597043037
"864",61.8525770902913,60.9314855001867
"865",47.2833623536775,40.724869328551
"866",56.8736179779409,46.3427509693429
"867",69.910098315081,71.0392979439348
"868",61.6463974599936,49.9995845090598
"869",44.5900667027967,31.4565046411008
"870",73.7823891475881,68.7514954153448
"871",63.3343345973964,67.1672279713675
"872",44.0441160575945,38.2063563261181
"873",48.5411499542445,42.3987334640697
"874",49.9233483487874,41.9094669958577
"875",64.9052787975551,47.934604762122
"876",61.6308918980879,69.3355078157037
"877",66.4128256157738,76.8119258480147
"878",59.2095002962658,40.2490106225014
"879",62.8373765941838,68.9644494978711
"880",46.8179387999974,28.6130593251437
"881",37.2218531346622,28.6117008561268
"882",53.1822562868437,57.7485904842615
"883",67.5753381370567,74.7519785538316
"884",65.2351750281042,69.3771827919409
"885",47.6150296853495,40.796114988625
"886",60.8950733750525,50.7501391507685
"887",43.0809591532082,42.9540864471346
"888",41.1466006511786,26.8920935038477
"889",66.3907166291873,50.7202607113868
"890",52.3455298340423,48.2756608398631
"891",68.8987959340518,75.654776468873
"892",36.2284077580992,22.6090184599161
"893",41.7583681325459,29.489827323705
"894",65.3562463196617,64.5937125850469
"895",34.1208883202799,20.6744992779568
"896",45.6092570625146,25.4407492978498
"897",45.6426339742714,41.0438414104283
"898",53.9906813719117,61.1097948299721
"899",39.0071317703407,34.0087423985824
"900",62.2695674530878,67.8741896618158
"901",98.3917277299941,127.235811939463
"902",91.40132676933,129.061186262406
"903",90.7775400071395,120.536382161081
"904",92.0864478265947,130.500127337873
"905",88.0789615087414,124.468831447884
"906",97.5837110395227,128.740778118372
"907",106.222685361897,139.805832239799
"908",99.2739666882907,133.24112878181
"909",78.4320717592187,120.387406330556
"910",89.1098345607911,125.893422313966
"911",93.8862755680744,122.982698790729
"912",92.2707538686611,133.377572232857
"913",99.1388621760844,132.327955034561
"914",82.2303346101639,129.532268419862
"915",86.9416047414128,127.003843411803
"916",98.9033970236864,130.337186413817
"917",88.7823757850118,127.585848355666
"918",93.2858601118138,123.503603227437
"919",90.8487866130582,136.934596905485
"920",88.5278058194667,130.214668479748
"921",106.36061439766,128.684483221732
"922",87.5554571706122,126.429464933462
"923",102.067642474769,131.849110610783
"924",97.115852896419,130.386707740836
"925",93.5393924991499,130.317815388553
"926",101.863471244499,139.669350548647
"927",87.2559035348326,128.285209420137
"928",99.1915854726425,131.175850792788
"929",85.6669554685371,122.924151238985
"930",98.3309608440562,131.464380724356
"931",98.0107011473478,136.247924431227
"932",94.2174487310978,122.068100827746
"933",97.4726239587256,127.993820835836
"934",91.669018405258,128.837635512464
"935",91.3441075081462,124.03661113698
"936",99.4922024192669,136.311475927942
"937",95.0774625587882,121.881383550353
"938",95.2622939211971,138.075980222784
"939",98.5880711447167,135.190442381427
"940",86.944688702372,130.263664689846
"941",95.7059471484252,121.060678791255
"942",101.058303204734,131.712092650123
"943",105.951389373267,128.552478714846
"944",96.6249790724231,125.924175009131
"945",101.677407773722,136.076991343871
"946",102.513665086252,131.492767021991
"947",91.7820721919039,125.963259949349
"948",98.9499127697344,122.274235733785
"949",101.847627025267,136.643709759228
"950",96.5550769212175,138.794889920391
"951",98.1795742255181,123.517510965466
"952",101.408499325541,139.062111657113
"953",102.116504727388,135.428893640637
"954",83.0033346658884,120.364146553911
"955",86.6519074285203,121.087634959258
"956",101.602546193263,135.705325286835
"957",103.721618095839,126.563763990998
"958",82.8297592701341,122.100635133684
"959",95.3785968993342,132.373497821391
"960",102.120766002794,123.389767366461
"961",100.119929410986,134.926266139373
"962",102.426836228279,137.012420720421
"963",101.08322650997,135.786866974086
"964",89.2678937083391,122.329404032789
"965",91.6801779359122,132.17940133065
"966",94.2993890740832,135.922649721615
"967",91.4217975031573,122.17111882288
"968",94.6770054804619,124.002297176048
"969",92.8826271067601,131.864007054828
"970",98.6510206702417,125.452014910989
"971",94.3502632217396,125.070012207143
"972",94.9041987422591,128.123913542368
"973",83.9021463482364,130.003097341396
"974",89.7891336312635,131.49514334742
"975",100.428762662967,130.528367455117
"976",95.055949923404,131.522166188806
"977",101.597039524633,137.914014561102
"978",95.5184428146186,131.445568096824
"979",102.841949730932,134.784593675286
"980",94.8345388435003,131.734367990866
"981",105.094820724394,138.539492846467
"982",92.004048847419,131.947878273204
"983",93.2015179632743,124.311111224815
"984",93.2274484182282,127.372267688625
"985",107.581392599497,139.62419424206
"986",85.4949623092922,135.465810000896
"987",91.8286837289272,121.53848181013
"988",91.6086342046886,127.693611350842
"989",93.6701973113851,139.726120224223
"990",93.0572952230985,123.147243182175
"991",92.7430015759207,126.101658414118
"992",89.6034409576363,128.597348565236
"993",93.8522467634614,120.336915063672
"994",103.909225368503,137.747190049849
"995",92.1844105384791,135.277249189094
"996",85.0985871226319,122.02742903959
"997",89.8604218957034,128.85684307199
"998",95.536864571356,128.804127709009
"999",94.4631895267648,122.064313800074
"1000",103.749189832271,131.953034144826
