"","precio","m2","n_rutas_t","n_hab","anos"
"1",52.5442336781873,38.4659666521475,6.11072443774901,51.0976501424661,86.4523796178401
"2",45.4333309666552,35.4603500617668,6.67799536604434,51.1810365007007,64.0635804552585
"3",62.5209908441893,53.1393459998071,14.3591600749642,50.5875106806662,66.365826530382
"4",49.5188702649874,23.3829890238121,15.0662270071916,51.0761725782032,84.6951136086136
"5",56.0383828964244,48.1129570351914,10.4884131508879,51.1366529009085,51.6637456417084
"6",55.2886587011139,49.0262441057712,7.74772081407718,50.7602926607795,54.8502945527434
"7",66.2030856560409,68.7441570591182,5.40079553262331,50.1471423983675,60.6091337278485
"8",57.2697019244224,42.2192322276533,12.3567878396716,51.0664533914034,80.6507735140622
"9",61.7912732121212,52.7935157017782,13.9389194385149,49.5758649912927,66.1987316887826
"10",49.6814434620876,30.2157230628654,19.3421532097273,49.6249687230255,61.6195346415043
"11",62.5915019582609,57.4997886223719,10.3758368256968,48.9485400826932,53.620685832575
"12",69.4901426179217,72.9299310874194,7.69183602184057,48.7116165434569,83.7067562248558
"13",55.4216623718332,36.821230398491,19.887608687859,50.5230443618828,73.8420457299799
"14",51.2968650095791,43.9092740928754,5.4605260991957,49.9189509706438,67.9246648214757
"15",67.4895139047705,65.7530649378896,15.8465785707813,48.925319528025,61.6138690337539
"16",66.1965617773372,60.1413027429953,5.6663495185785,50.4294429275079,85.6561477296054
"17",48.4615273699073,32.2767297178507,9.23359618755057,49.8014886817727,55.426749419421
"18",51.9890236633371,41.4514912059531,5.86855791741982,49.2836150924082,66.8448775541037
"19",52.4141201318461,41.5685068909079,14.8678920778912,49.6964691248746,72.3573435191065
"20",65.6830941714623,61.4174317009747,18.5149466223083,49.7376080919242,61.6252590063959
"21",58.9380679446874,52.1486692363396,12.2292825940531,50.0391251822134,86.1081671155989
"22",68.6262701568408,62.6482307258993,15.7721113751177,50.062585314052,77.3778292164207
"23",58.0591697433847,52.3009218974039,15.0553596636746,50.5563109907304,56.2392843794078
"24",65.6467626002642,64.9383336119354,10.5433140648529,49.8827586200338,70.5245181545615
"25",56.0233700734654,45.2060870314017,19.8095550294966,49.4280204986176,53.2127061858773
"26",47.3904200345322,30.2852127561346,10.3691868507303,50.2734816957563,80.4096069000661
"27",66.2937196185211,66.2180965859443,9.1832859790884,49.1628002575034,58.1627707276493
"28",68.6950622113007,72.9172152653337,9.42827497958206,49.8365982298451,68.3483559638262
"29",62.5964940636916,52.9458026168868,15.8830049354583,50.5289188948017,62.1682965848595
"30",49.7537372840455,36.6634253971279,12.8556221281178,49.4965242285594,56.019849954173
"31",57.1758219567017,49.2983596445993,18.4806439944077,51.2275848730299,68.215693384409
"32",72.5582194182569,75.7103044958785,13.3180151425768,49.2029373540265,64.0134449489415
"33",56.8229663839581,40.9215189050883,7.71416891831905,50.1814044012617,54.6782889589667
"34",75.6135597763833,77.2494624508545,19.8151611781213,49.1302091862031,67.9954238887876
"35",62.29687167507,61.7164483433589,6.26741880550981,48.6146262534921,75.4785623587668
"36",67.2330635919978,73.3672123355791,9.20230154879391,49.4873947569942,53.3001732360572
"37",52.588173689215,30.8244347106665,10.8016686351039,51.1209567987558,77.5700179394335
"38",62.8452254230653,57.7634510258213,15.0137217948213,49.845621333355,79.2735892999917
"39",74.685370554612,79.3738481961191,12.9870686598588,49.6425022097668,58.7095763254911
"40",45.5383239162301,27.8173322044313,8.46441991860047,51.2364831968295,70.5277634970844
"41",52.8590827945689,39.8396315425634,14.4841843785252,50.7535095135076,57.1779324300587
"42",70.3923875714497,71.9072327995673,13.0808015621733,50.9205939279707,81.0583941079676
"43",66.2109508740668,66.6550663625821,15.7152478734497,50.6715744519119,51.8364426121116
"44",73.5808575595948,69.6382069773972,16.6645093425177,50.335675039624,53.1175565347075
"45",62.5963028179966,56.199461389333,7.62641675537452,49.6547161918212,84.1558001749218
"46",60.8113191716287,49.4739093165845,16.7599299375433,50.4265521613956,73.6710383743048
"47",69.9523590065841,66.8215106613934,19.3684323516209,48.7739177299523,66.900072908029
"48",71.982879244465,73.0536216450855,18.2210528419819,49.9617282715106,73.0719606298953
"49",51.3355526616124,32.4628338683397,19.1583864577115,50.4073490566353,66.4457548223436
"50",50.7485009344334,38.4251538105309,7.5435116305016,50.4295371235826,83.5947106126696
"51",52.7025615061663,39.8317908868194,7.24645831272937,49.9636347693903,68.9757540356368
"52",46.9433829934952,31.9207442132756,7.26688845083117,48.5088186589751,85.5578766670078
"53",49.3505163318611,34.1416581207886,14.6618783683516,50.3354718707532,73.767118351534
"54",52.440561053291,36.4931996166706,15.0161145068705,50.8335154276897,50.0308960396796
"55",64.5493610806764,55.4792632209137,15.0431804929394,51.3724741073105,60.7122937403619
"56",48.0355642911153,35.2034392254427,8.15273884567432,48.7468767937487,70.7541408203542
"57",40.6576114448425,27.4092338234186,7.84959402866662,50.0213576793796,68.3593066129833
"58",49.8762859536444,33.7943532224745,12.159493335057,50.3102778974054,61.2783085554838
"59",63.6757416468307,55.8545175334439,16.6497029270977,50.7234322799132,74.5923447050154
"60",50.0767536453153,32.6845133583993,16.5992006578017,49.9658866792635,76.0438283067197
"61",53.3818929807567,47.8220706852153,12.8844072145876,50.1684038529102,62.4246852193028
"62",69.8782332076646,58.8260716479272,19.6946704643779,50.4573804677317,80.716519728303
"63",75.4035411213241,77.6343855261803,19.8384909587912,50.2131910631853,70.9777199663222
"64",62.5639572382061,60.5838902946562,12.8989240771625,47.0037368050001,86.7262375261635
"65",56.3785404745868,46.7088813008741,6.45206385175698,49.9593274537449,60.1671246625483
"66",52.1260471896848,41.4664269750938,13.5285075823776,50.2793892827238,61.665002182126
"67",55.1289422058919,47.3438873700798,7.10227818228304,50.921131439421,50.0748710613698
"68",56.8632741302455,46.7248386144638,13.8505101448391,49.1651077656224,74.2857255600393
"69",53.1910451577748,34.7055553505197,18.9750079240184,51.1314522482071,84.8551694024354
"70",61.7118451814155,61.6610427200794,7.99472259939648,49.0512279176872,59.9108469020575
"71",56.9370180201691,44.7342221066356,11.1312382644974,51.3915009426297,77.6419244240969
"72",53.4548391986196,39.6635521203279,10.5414994701277,49.7048521664439,53.6674281209707
"73",58.9606144118201,54.3538860185072,16.2049756397028,50.5060651861311,73.3173467777669
"74",69.4869908949618,78.0199450673535,6.69487939681858,52.9064402381245,52.1005409490317
"75",60.5280384813694,59.7067413246259,6.84439800330438,50.0318840556031,55.6093561649323
"76",64.5340170126646,57.4818630144,15.7951790362131,49.1447665484282,81.8233885802329
"77",69.113984133713,71.399182556197,17.904075604165,50.7542115204214,61.0025068745017
"78",67.4397367746811,66.4867332857102,8.61367852892727,51.0392939713435,56.3167505059391
"79",66.2543317818713,70.0416259234771,14.9644154065754,52.4157701158173,81.6733857151121
"80",45.7594617980749,25.4906167183071,9.78346793330275,51.4955434681615,68.1623833160847
"81",58.7839458561707,47.5715292012319,16.717132020276,49.2363120707733,59.7803423460573
"82",64.2067475773331,55.9638893557712,14.8951742297504,50.303431902208,87.6921614911407
"83",68.3298262169032,75.1833146438003,8.52357277995907,50.4337598881359,80.7544663734734
"84",67.9578894915428,78.9694446418434,8.68621196364984,49.9791794741709,79.3098374363035
"85",45.275639281,22.2681547608227,15.4197548015509,48.5082535829705,56.4604097325355
"86",59.0024160630464,54.6762440539896,8.65511036361568,47.6449390350445,52.8960242215544
"87",67.7014417436671,63.9988500904292,13.4215634770226,50.6463272609005,53.8200173620135
"88",50.5735739210592,34.9245441658422,16.9486627436709,50.4136107751727,84.7112968657166
"89",53.6874137590084,38.0441914917901,14.32149905595,50.8563465804766,63.3333799801767
"90",66.3799419917207,64.0080020949244,12.0543764636386,48.476404932674,54.939976381138
"91",72.6539770197014,74.4172625336796,14.362905214075,49.9943928147658,76.0421966761351
"92",52.0604544225282,32.5890060840175,19.9978046887554,48.6830420906826,78.40540651232
"93",54.5882889082951,41.4882793510333,16.4064195251558,49.9913728286077,61.7838839162141
"94",54.9878743881626,46.8979486636817,6.80530158686452,49.9691776188663,86.9922500103712
"95",70.2008675619579,74.3855859804899,9.82826876221225,48.3161588038824,50.528463255614
"96",56.4297397777537,43.3663577446714,16.5803419833537,50.6637216215818,70.0854584667832
"97",65.0719914379792,51.047584968619,19.3291202443652,48.3485564977868,61.7363983858377
"98",47.4547829082723,27.5143452640623,10.9813783573918,50.5347043351411,71.2704556249082
"99",44.4846498155797,21.8087447434664,7.91521596955135,50.2141553124288,87.1278624702245
"100",67.3128480906476,66.308329673484,19.7464726690669,50.687462822538,71.674048025161
"101",51.3861141851626,39.6449049282819,7.19658288406208,50.1832544517315,72.6118951290846
"102",59.6208019182423,43.368721595034,17.110153362155,48.5826048441106,86.8116430006921
"103",49.6215421455976,22.4631652701646,15.5370541894808,50.7547373193504,88.7087523750961
"104",54.0974040739179,41.6837980691344,16.992148256395,50.8888486720542,71.4888351131231
"105",60.0778654283407,54.2586850328371,12.9620178614277,49.3060728049919,80.415447158739
"106",66.4855887334223,61.0928145190701,11.9023254746571,48.1400200540463,80.9150839410722
"107",73.029436160066,78.2670048205182,7.29078626260161,50.346311411456,53.8957190513611
"108",69.2047917127691,62.1175284450874,19.9716007953975,52.4676767896989,54.2199873831123
"109",42.2515797639598,20.6927302805707,13.3596898254473,50.3336973496952,75.6886654626578
"110",58.4076838953188,52.131927725859,12.3827493633144,49.0189924682389,51.3440140150487
"111",66.8037840305496,70.1942877611145,11.1887992173433,47.5411305383671,56.8430590629578
"112",68.9669449241356,68.4120045462623,8.86102617601864,47.6900938755254,50.1368910633028
"113",45.4760964044754,24.8559585958719,7.46303796302527,51.0971350227499,81.373735666275
"114",53.2827974212195,34.3345581088215,18.0748287739698,50.3071507511178,68.0479104723781
"115",73.4715947499083,77.9593918379396,14.4693971681409,48.8059482531968,86.6367438808084
"116",44.7800187224707,22.2603395860642,19.459446859546,51.209815162214,50.7620597537607
"117",75.1214302446171,74.9843859300017,19.1567776387092,51.4082900379598,54.1269410960376
"118",68.4785309938382,63.5735947079957,19.3250438943505,50.9355348216718,82.2629901021719
"119",48.210753642354,32.0465728547424,18.4689000260551,50.5243759342601,67.5165493879467
"120",67.7577968484313,70.4120447859168,11.3289539981633,49.1878911954132,77.5214986782521
"121",58.1437735332414,43.799740835093,19.9708607292268,48.983706343709,51.3102097343653
"122",58.4215097194119,43.5621355613694,16.6325177624822,48.5183463309978,86.8514740560204
"123",60.6579754643683,48.353413217701,16.291580843972,51.4622576492943,69.1231791861355
"124",60.90323965181,55.0194148719311,7.11902949260548,51.4723296672416,65.8167611993849
"125",52.2667122868134,41.1432301346213,8.73815847677179,51.0160728890932,75.9914182312787
"126",42.3385015906443,21.7084407713264,13.7812319933437,48.7109701743255,89.7996650356799
"127",70.9258418431594,79.7052760794759,11.5237485652324,49.4608001124066,50.8871914073825
"128",74.3378812519014,77.4535075481981,6.71404443331994,49.5126206516058,52.9193659219891
"129",62.2176167550999,53.0990705778822,16.4154123747721,48.8410638160421,59.5270656235516
"130",45.9493970349707,26.117237447761,18.386179334484,50.3148663445583,60.5540748685598
"131",50.8922149596256,34.2749088816345,7.19025814090855,50.3095371098674,75.7511065155268
"132",70.1121660571271,71.6058598924428,10.7183275255375,49.070245278507,81.7408252041787
"133",63.124938347836,64.2956771841273,7.54217597423121,48.9602498652037,61.8805006891489
"134",59.8997282829163,49.838735871017,19.9943442724179,49.5618868099546,52.7244631294161
"135",63.1325839107415,54.7952651092783,7.58422420010902,50.1879475450863,80.2843069285154
"136",43.8190304082963,20.9710031095892,13.226195210591,48.0339030017599,69.9528250377625
"137",59.1238169782697,48.3277928968892,13.8339210208505,49.0894615931001,78.229391630739
"138",44.739244764552,22.5433837296441,18.9197990100365,49.1058960608591,64.5627871528268
"139",56.3256033583584,47.7892649779096,14.6055904659443,48.4490057497584,62.8561819344759
"140",63.7988099418631,57.7996860770509,12.3130045144353,49.8898139293714,76.5569859091192
"141",64.0543558566359,60.3949572658166,8.80156748346053,50.1562150418653,58.7092479038984
"142",44.825664710912,25.2220802381635,6.97421753779054,49.7187240839869,82.5878388620913
"143",50.9218514545222,28.6150279827416,11.7449725652114,48.7760783321289,85.9977858606726
"144",71.8686439922497,74.5087099354714,16.8363495089579,49.6665994816276,59.4142528623343
"145",48.2683558636527,27.3519554035738,19.2461564601399,50.0018943701349,69.7680762223899
"146",65.3420001480201,63.7317675491795,10.4240677459165,48.8703801256342,86.4274476096034
"147",70.2581187518221,77.0226305769756,9.59064287599176,49.7353510648964,56.272228108719
"148",43.2159294845071,22.6013548998162,10.5165184021462,50.4629630383474,57.3252234142274
"149",44.7419699830792,21.1759578809142,9.53088882612064,50.1383148567198,77.4580997787416
"150",49.1223273510724,31.944347624667,5.87669651140459,49.5389007454234,81.9133279286325
"151",61.9834103254547,50.3051756927744,18.6570454179309,49.3374652100607,69.7228572703898
"152",69.8402376059279,75.5833257734776,7.23636963753961,49.7599924307635,70.3386158216745
"153",48.5303731478559,28.3041014941409,13.0228669475764,49.5742948058447,53.1568475812674
"154",46.4544489162276,30.1516745658591,10.1390100596473,49.8576731511149,67.4529350921512
"155",63.427329775949,56.3976426748559,15.5689774779603,48.9615492691358,50.5583666730672
"156",69.4506166641918,68.9526016078889,13.0410209938418,50.545135624923,84.3015199713409
"157",73.1069640319112,70.6028724461794,18.9826227398589,49.9309173894501,73.6391487717628
"158",67.7330115259028,67.2846316127107,19.1563860012684,51.3708459796047,61.411890219897
"159",46.382832188972,21.1412519402802,17.1455055614933,52.7474181696944,52.9644447471946
"160",66.1168854008337,61.8852498149499,13.4850930399261,49.6044104964203,83.285547522828
"161",70.035000363705,68.9055869262666,15.3501846664585,49.9548180243901,84.7571931686252
"162",59.0739345194107,54.1040036594495,11.2039653386455,50.2313909648033,58.4811497014016
"163",59.7003312081921,48.8037729728967,11.0347575438209,50.9324847886368,76.9612802285701
"164",46.2323889166173,29.6822070609778,5.17964341794141,49.1896025256481,54.5659677125514
"165",48.8582284521071,25.3553739143535,8.49603289505467,49.6799399428329,78.5969970654696
"166",50.7557080747557,29.7609424963593,8.26905838912353,50.6994391806292,67.8193793818355
"167",43.4764799649464,21.6037070192397,17.1349036484025,49.8215940957081,69.8008019849658
"168",65.5655419273375,62.5777685362846,13.11988959671,48.9903257226604,67.4116970598698
"169",65.262863132818,65.6610906217247,8.35170656675473,50.6820721940059,76.2413528375328
"170",68.7485678929314,71.4484867686406,10.0367774849292,50.6904823159738,66.7287994269282
"171",59.0260380569437,46.2359491921961,14.8474442993756,51.4600477035742,54.6384747233242
"172",58.0541962639801,45.0281868083403,15.4543641407508,49.8486496847751,62.0360991172493
"173",58.5910946696146,55.1389694213867,9.46178529411554,48.930860415703,74.4208877440542
"174",65.729207959171,69.4980548508465,10.9427733614575,50.7790620079517,59.5187582075596
"175",68.0922968029951,67.5883536459878,12.5000713858753,50.4725099083362,65.1964501198381
"176",56.6825339179494,39.5691542048007,19.6989937801845,49.2173655478802,89.9587435647845
"177",75.8445944359249,77.4759166082367,16.9005848874804,50.1365567253776,89.8003614787012
"178",65.3045578814195,59.1811765776947,16.2983818957582,50.3997623302189,54.9843841046095
"179",58.3965124808304,47.5205491529778,14.0912153816316,49.5779225344188,55.8575066924095
"180",62.4055923192939,56.3613130059093,9.3695306556765,51.8657975962633,63.8689697347581
"181",51.6227321186525,37.3233162052929,10.2351139090024,50.5517419484266,80.37208548747
"182",66.7188970895719,63.0698506254703,10.4715763032436,49.6639132390158,83.1911291927099
"183",71.6415611060189,75.4038465535268,10.5902288551442,50.3021794708341,70.8423237688839
"184",63.0768105865604,60.4963691858575,6.92743435734883,49.0980715520925,66.8988785240799
"185",49.0056016185214,31.1563995387405,19.3028329021763,50.7650599831712,76.1015256028622
"186",49.7741021941922,40.884029767476,6.73191555542871,50.7873127790561,55.1130714453757
"187",43.7652236308262,27.4111718731001,5.02975610899739,51.4418531477825,89.1348832752556
"188",44.9351776789411,26.4869731292129,9.75969025166705,50.0190965243371,89.5031842216849
"189",50.1519337430299,37.8771919896826,15.9961170773022,51.0454187704262,50.9438853431493
"190",60.6992839147528,70.2919940557331,5.41494551929645,49.6263466138897,66.1152787972242
"191",70.9336811792742,79.5662656379864,5.20666882861406,49.3569511404203,88.5712550207973
"192",55.0998346225252,46.2280645594001,9.5627497183159,49.2112054947041,63.2376443874091
"193",49.5967112386448,32.1538742352277,10.8881761517841,50.0274938893576,68.0938147380948
"194",75.0244478848238,77.8322900412604,18.0027568608057,49.6936641528907,84.9550023209304
"195",61.5816345036176,59.6232267236337,7.67349670408294,51.0418190165502,78.6023060325533
"196",55.4162071947752,37.8870097687468,12.4474958947394,49.5831943731673,83.8447728380561
"197",43.1525248454475,27.1557311527431,10.6954207655508,50.018715477033,55.0263864919543
"198",58.6582729537858,55.9850960737094,7.85982479457743,49.9768735844946,60.2983272448182
"199",49.8230403867624,27.2114331740886,19.9160392268095,49.6102965558801,73.8633442111313
"200",62.9524637052838,67.3059209762141,5.43165617389604,48.1310061567451,52.4200357124209
"201",59.2513569618828,42.175764250569,19.6018710755743,51.6563226080593,53.7793871760368
"202",72.0965485280311,77.3793701734394,16.5761377534363,49.4792975806796,82.5100477319211
"203",77.637554725811,74.8145993473008,12.4246998562012,50.6079246430293,78.1109532900155
"204",67.7026184868527,69.4001806108281,10.8890908793546,50.43400847862,64.9631412886083
"205",51.0726773352826,39.1689293505624,6.57958805095404,49.2952585963039,81.7260125093162
"206",68.833274707493,72.6620195480064,10.3410584898666,50.1351523998056,76.8197646178305
"207",68.0090010561192,68.0210598837584,16.7115491279401,48.1830145380245,78.6506460607052
"208",57.5141162664819,56.6813984559849,14.5694470149465,50.1675206306386,79.5825994759798
"209",44.6221513653882,24.3452682485804,16.8390460195951,50.270986388721,54.9564697500318
"210",59.8836132418911,45.2952626161277,17.1179758536164,50.5663259650725,64.5505705941468
"211",50.9225596991675,40.6679360894486,6.00451470934786,49.5087176674395,77.9922117851675
"212",64.2781116128427,65.1041412213817,11.9456213852391,50.4944147994353,81.0700522456318
"213",49.9406063599653,33.1250791950151,15.8152052923106,48.1298284126923,84.4712027814239
"214",50.941383263591,37.5280383648351,15.1232299697585,51.2639250460338,60.3328123874962
"215",57.4833005191624,41.3572019198909,8.00405313493684,49.3391704096136,77.3453608714044
"216",63.490207502567,57.9177154274657,11.2493185978383,49.792711317333,67.1352894883603
"217",72.6030987866084,73.5518640000373,8.29205046291463,50.5816670043495,67.4877206422389
"218",61.8679924805211,64.6419668663293,5.36693763104267,49.6790699230271,87.8564218152314
"219",60.8469018497222,47.4333453411236,6.70126579585485,48.9072363116867,51.7997299041599
"220",45.8767277697712,22.1657266188413,9.0410510788206,48.6772442492892,64.9600716959685
"221",60.3497596123784,54.1108711063862,12.6126410090365,52.0767310547756,60.4657240025699
"222",53.9055039489898,46.3409534282982,10.5213429522701,50.1974031125581,69.4400727376342
"223",62.2225813436237,56.0290672443807,6.28640896058641,50.3336582544122,82.6080099120736
"224",71.0226203847461,77.0829656952992,19.7564004536252,50.5004738450617,73.0164505634457
"225",50.1437522435558,36.1658787121996,5.34934205003083,51.4720657436521,87.2790964320302
"226",64.4397471400034,59.5303034642711,14.4328027253505,47.9942813182554,78.5982901230454
"227",40.8278691001484,24.588272809051,5.23301331792027,49.7172697716755,71.7141448240727
"228",41.8585906315141,24.277112451382,7.18195887282491,50.7495074975709,83.9514654222876
"229",56.6776864063967,42.2198911989108,12.9016855231021,51.0347615712877,86.5951849613339
"230",53.0508144416995,37.8261320199817,13.1311997736339,51.1164876836986,58.8999472279102
"231",65.3663644034941,53.0646963231266,17.0776302716695,48.478328038598,71.479049148038
"232",56.3166107302752,42.1934353141114,14.0574588277377,49.7939982062276,60.2729347348213
"233",72.2993664515342,70.7413719128817,8.25093325343914,49.6068802311693,52.0011214818805
"234",64.2744395287959,57.2474421653897,14.3428347888403,50.6886710440835,64.5618534646928
"235",58.5592195715284,43.9484013337642,9.33565609855577,49.0275856578781,65.4763202182949
"236",54.4557544117135,37.9796916991472,15.0066728238016,49.348323698088,57.9675367474556
"237",58.126133889937,42.8671901952475,16.4030217740219,51.2325085283404,82.7805360592902
"238",61.9660678948118,62.0680961851031,9.59414988523349,50.8872218996387,63.4677399881184
"239",71.4091778703717,76.8119174381718,13.6393950029742,50.1855626248576,62.5638651940972
"240",64.4778898269425,66.3696992583573,6.68843800900504,50.5169193328168,51.6576930228621
"241",48.3755063511797,33.1730096973479,19.2419590963982,50.2617952702932,74.1918976698071
"242",62.4448004543662,62.9666217463091,14.6422312431969,50.2864277645501,70.8027021959424
"243",65.6516290798611,59.8530778847635,11.4549328887369,49.4515002087147,82.4533950630575
"244",66.1913858879489,62.3750120727345,13.1969512882642,50.6688091046189,72.53762351349
"245",53.418062062933,36.7776795942336,10.3775169816799,48.7347643212421,69.6523908060044
"246",65.7154826833212,62.7350297058001,6.31134007242508,49.391461511348,88.1015706341714
"247",63.7076665851481,59.6565265022218,19.7701220063027,51.2376746159074,82.3303242120892
"248",46.5398637849147,22.4607613263652,5.2865020732861,48.3608010773568,88.2358757127076
"249",48.1600587059198,23.668489693664,11.7238159780391,49.8798901963812,62.286861250177
"250",52.1433847856026,36.785701578483,9.06120167346671,49.4312842461373,64.4251021090895
"251",49.5361501826693,38.1180630205199,6.41894516767934,48.516850734863,86.3125001266599
"252",73.344679468092,77.3966498021036,12.0837773440871,51.4715569920037,50.7748866733164
"253",58.6407133826839,43.3891231333837,16.1794275045395,50.1563814209297,55.2009712066501
"254",53.2807296276296,42.3073272034526,9.26773921353742,50.1159137600545,87.6733032241464
"255",66.0510392441894,70.5885491706431,13.0485920247156,50.4786085955778,50.3326036408544
"256",69.273902466113,70.8341000275686,16.4988158107735,51.493758139577,75.6744971871376
"257",52.8933018940472,39.1598691558465,15.0942423765082,51.1720308051135,81.5753187332302
"258",49.6635602956743,27.9503627866507,17.6963817351498,51.5981221284285,72.0233020745218
"259",64.6211261934656,57.0265471935272,15.602120347321,47.7981546881581,88.4305736515671
"260",67.4276202791945,67.478270563297,6.10774455941282,47.9931529957453,70.0121264625341
"261",54.375463861854,40.2829223778099,19.2120096308645,49.9012501744491,83.7724947184324
"262",71.2944988774002,74.3268558150157,11.2537458562292,50.4156661688946,73.5898798611015
"263",52.4756688702436,31.8534026062116,18.6019674921408,50.0600940758119,73.4356654435396
"264",68.0722922205441,67.6451107673347,7.79873750172555,48.9884684386409,64.5801894832402
"265",64.7924345735004,65.2761736791581,11.9154348620214,49.0183826181018,61.7055195290595
"266",70.0789390325564,74.6836908394471,8.94439538940787,51.0050328360222,81.4951983466744
"267",52.3271580499336,39.361262274906,14.7439597686753,51.3163323647676,78.8151344191283
"268",44.5917731792648,25.1701683877036,8.75509279198013,49.2797628044429,80.1993416715413
"269",72.9625030771002,74.6720272535458,16.7126380803529,49.7301328018757,85.2246603090316
"270",75.820408584895,77.3104295087978,18.9100356714334,51.7700461951392,74.5793650206178
"271",63.6554174591493,60.2685766341165,14.8668997478671,50.6300901858893,81.5251645632088
"272",66.017526711394,64.6989320544526,16.2925280234776,49.0381867850079,64.1567978821695
"273",54.4182574008668,46.4010185794905,12.3397453734651,49.6662479744338,74.6365341357887
"274",45.3196439025293,26.9023650791496,7.19433041871525,50.396825379156,60.1012826059014
"275",63.6658876805883,60.5385669274256,18.6507418565452,48.9272904670923,74.6810814924538
"276",64.0374200302898,63.8935709977522,12.9120061639696,50.8178461159756,51.009983215481
"277",65.4429791559933,49.0390941640362,16.5775507083163,49.6347563026629,69.1048444621265
"278",42.0734183229195,30.2628822764382,5.82313735503703,49.9821609234849,84.2652645893395
"279",62.3711797127441,60.5509120877832,9.91335617844015,50.5536868269333,84.4030793383718
"280",50.5904105320363,35.7793967844918,11.2517619435675,48.5472472885277,81.8154415301979
"281",52.7468164090091,40.4888497572392,8.45919144456275,51.411477881809,81.4957849122584
"282",51.7530154173734,32.6147325756028,6.90229106461629,51.3574404623708,76.8206220585853
"283",48.3715553106296,20.9791756467894,7.96254772110842,49.3671969421409,61.0168296098709
"284",51.8915051377824,42.6057726470754,12.0966544619296,48.1487022350417,74.9894953891635
"285",60.5588662024068,53.7384441075847,6.35165934916586,49.4335445857895,83.4259683825076
"286",66.0649297474788,60.7990764640272,13.1623262888752,48.6617756811061,85.9962750785053
"287",70.0266924847867,64.723326228559,16.1723029217683,49.9640363686947,63.3785320445895
"288",66.1398167852449,77.0043633366004,13.5055917699356,50.4079730515791,80.5651442706585
"289",46.6974969708664,29.7854428552091,10.4118108050898,51.3223504520017,65.7663816679269
"290",54.5812877638923,39.4854141306132,9.26929868059233,51.6459124485512,61.6750957630575
"291",44.0381198783703,27.962962128222,12.7957454719581,48.0665733675375,88.571006115526
"292",67.2950214726604,58.2378463214263,17.7363469987176,50.6863879942648,60.6335387099534
"293",52.5986728675018,39.8557766387239,7.08327939035371,51.7050056996504,50.9513285849243
"294",64.041081047039,58.9447743725032,16.6595378506463,50.3522704560142,81.7259853892028
"295",52.0091256870153,38.1733015365899,12.7192865055986,50.3935896004102,70.4950526822358
"296",42.6432933993012,24.2739959759638,6.98291073436849,50.4417628745776,79.2291288729757
"297",59.392530785378,59.7434281324968,5.06525410455652,48.9143970904441,53.2940108608454
"298",66.8676630671079,65.5762136960402,9.75943902507424,49.1019406443633,87.942931484431
"299",59.5027054496454,53.2016101572663,5.23826290736906,50.8675124431361,80.0867378991097
"300",60.581010716144,52.3563258582726,7.0863136916887,49.0181535843931,72.5361584406346
"301",68.986704926162,70.975539223291,17.9403456428554,50.9347564278512,74.1698791179806
"302",62.4922518730838,59.1935575287789,14.1231752187014,49.2947264380278,63.4374605957419
"303",70.7722317925843,77.053145384416,5.69086648058146,49.5061280937958,72.1080427058041
"304",60.4772910054984,57.0333829009905,13.5393119952641,49.4825343763153,56.5417568385601
"305",56.6319023407089,49.5704380236566,9.59407995571382,49.5530369525199,64.4929770566523
"306",75.7901924395593,78.5603939229622,17.6180144608952,48.8813867531177,80.2079382818192
"307",55.6799452649369,49.4207129674032,6.47787591209635,49.5397917833448,51.8501976225525
"308",63.9423413963137,59.3103381851688,13.8298503006808,48.786733026538,62.9144851863384
"309",59.4931422697627,55.9281073603779,8.81766316480935,50.1269329926253,62.9826418589801
"310",68.8050423376332,76.8541409820318,6.97550758603029,51.026367583315,84.5473057962954
"311",55.1900213845184,42.0806904463097,13.1638077797834,49.4311041608328,78.0162465013564
"312",76.5306406094164,72.6912203105167,14.4771272141952,51.9280915032117,52.4680092744529
"313",59.9680250974548,47.292504068464,19.3146774044726,50.0123108653012,56.3439628761262
"314",60.0792612866822,49.7880209144205,10.0575536768883,49.9613660297819,73.7965665012598
"315",54.2836583462957,47.6369369076565,18.8801253668498,51.7376881019217,59.4867227971554
"316",56.1106384814856,57.074491805397,6.42044270294718,50.3321347226202,51.3232957944274
"317",64.3886046976245,56.2486095167696,13.7347033224069,51.2750925413793,85.5658025573939
"318",66.2497439754177,67.1527761593461,16.1428054049611,51.1214012994933,89.1477916110307
"319",58.8570150585847,53.3161084912717,9.44295844645239,50.0922569078735,64.3955756165087
"320",71.2636305117449,66.1387003492564,16.3782997627277,50.6143871978758,56.6702914237976
"321",53.8608647990105,44.2571403551847,13.9933743618894,49.2097890986094,57.1402948070318
"322",62.8297540486649,50.6431885808706,19.8583327117376,48.6916746915262,56.497368523851
"323",57.5402234526911,51.4121865667403,7.49597421498038,49.7238830939091,75.6025013048202
"324",71.6133862782538,79.56795246806,9.40807254286483,50.9044899607395,63.401122270152
"325",56.4234325587899,45.7788452738896,12.8107479645405,49.3645897182696,76.7339269444346
"326",76.7668254342417,79.7606752905995,15.3591732308269,50.476059969536,58.4190994035453
"327",70.6454346019281,67.1960147935897,18.4762545663398,50.6063152770451,83.2299904432148
"328",56.9959109758893,50.9546380722895,9.93816274567507,49.8230241797084,73.0560033861548
"329",63.0848461076518,50.1612779311836,9.80075045023113,49.9315381270467,87.4208093527704
"330",66.1895094881069,74.6982490597293,12.1070459997281,49.9941626619532,64.1313433740288
"331",52.1850839221949,35.8649538457394,9.44007604615763,52.0105284354496,65.1715697720647
"332",52.3710207016136,30.4314120626077,14.6450360864401,51.4990296835908,53.0452828202397
"333",57.3732745429953,44.0198753029108,16.9574083236512,50.1202915703543,64.9403288494796
"334",58.871339180079,52.3014430422336,17.3880488204304,50.3080747904041,87.4151851609349
"335",52.5697992056521,34.6978624816984,14.5806857955176,50.3122852040733,59.7572627849877
"336",54.8800981729376,42.5510574830696,17.5612970034126,48.5652380906999,81.9177281297743
"337",62.9507415280824,54.8152128374204,15.1156931649894,49.40866085012,58.8934972602874
"338",51.9442436023264,32.5373187009245,9.15148480446078,50.6844744147558,50.5939451791346
"339",67.6481604200851,68.0798004427925,17.1565776329953,49.7355995412155,84.7013886831701
"340",57.4192584906463,58.3281449275091,9.4842624606099,50.190589257547,72.6423303503543
"341",66.1849495666096,64.1798453591764,11.8525808211416,49.2784664113169,65.6256338115782
"342",57.2517603786765,46.3287444598973,9.81933390838094,49.8901795383077,85.8470814209431
"343",58.4466178735947,54.7887429548427,5.11072868132032,50.5128423600374,72.7717410307378
"344",51.27318676658,35.3626405680552,18.6457462247927,49.477520256727,57.1097281482071
"345",60.2624200636029,47.8230939200148,16.534805247793,49.7147938043613,74.8624083679169
"346",45.4036262497519,30.1168915675953,5.09092898806557,49.3544276801911,88.9851314201951
"347",58.4603547782682,56.8336719740182,6.06487942277454,51.3988412148284,65.4618298821151
"348",72.363587981633,77.4861572403461,17.0026994380169,50.4139086296567,86.3106538821012
"349",60.714722337417,48.6916837375611,14.7047844331246,49.0435081830795,85.5294213071465
"350",66.450906945168,65.0695598497987,11.5719213953707,49.2012144191098,63.6716221738607
"351",42.5677807415772,21.2349929939955,16.2025361845735,50.1582402784464,55.0469677522779
"352",50.3724003197891,30.2581416256726,12.3346901847981,50.6303140863745,89.520086767152
"353",59.0557358635353,58.3979897899553,12.1706531092059,48.8725801771886,74.5295179449022
"354",48.8623146928681,29.898709077388,17.4026174622122,49.336123982774,50.3986737783998
"355",56.4897577978465,41.2833665171638,13.5101861145813,49.7095951210628,79.9334986973554
"356",50.4301969202979,31.185588426888,19.6840676048305,49.0078739205526,82.2199723403901
"357",71.5497582433965,73.8593696802855,18.2713577628601,48.3471153168073,57.4688059464097
"358",50.5057553909028,34.2670313594863,11.9780047249515,49.0440512979331,89.7403198946267
"359",78.3051857643884,79.096609079279,16.949295126833,51.9902507388611,64.9129739962518
"360",43.7551315490698,21.2798442086205,15.1171340211295,49.3663883127234,53.2364336773753
"361",44.8239010571532,26.4523379178718,18.547817034414,52.0046519069286,74.1615499090403
"362",49.7018255506716,34.6896097017452,13.1435358361341,48.1959969114966,79.6622699685395
"363",66.7578753070759,63.3417443372309,6.50177234783769,48.7478568268926,84.465004215017
"364",46.2974264710191,21.9640965992585,16.7651937133633,50.1490703457932,55.2394320722669
"365",58.4812341900237,52.9609996499494,7.62109589879401,49.8090582850813,89.2111069150269
"366",63.6741366661204,60.9685208834708,14.4737845181953,51.3749443732569,63.6564507894218
"367",52.0326823864431,38.0144538264722,14.6499700902496,50.2703451409147,64.4063746184111
"368",55.4879794760182,43.3264676388353,7.35099071753211,50.2190845485863,52.4159881472588
"369",65.9270716752401,63.9467691071332,12.4383189121727,50.2769280800031,59.9622604064643
"370",72.3060688127288,77.7497850963846,10.4655895952601,49.5693266531043,88.0559045914561
"371",65.3788989591337,65.6357702193782,9.16285395855084,50.4999932828624,58.7814522720873
"372",60.8663478105067,54.9003897234797,10.6302288128063,51.8709391176946,58.0448943842202
"373",59.1488244535309,47.7723795780912,17.3386066488456,49.1468783412555,55.206442810595
"374",52.0424290903505,41.3785772258416,7.96947837108746,49.164148915633,59.7950812522322
"375",55.2951402083805,43.0353089468554,11.9383525080048,49.8216936883219,77.5650509633124
"376",50.8158762695351,32.3468619259074,15.9979991114233,50.4723090946103,59.805132560432
"377",53.1320237620334,28.3268222492188,17.5429586879909,49.0420235746283,68.0862858891487
"378",59.9223182653881,43.3449286129326,19.0423127065878,48.8931888547987,75.986450240016
"379",49.4538834952413,35.9627733658999,7.76618346455507,48.9030870357559,56.4851543679833
"380",61.9822183857695,62.1977769257501,8.64990278845653,50.2825072063749,56.3104530237615
"381",57.2097097699757,44.4726899918169,13.9068568777293,48.6757091786885,88.8883303944021
"382",55.7005083550015,35.9338516369462,11.8667697347701,51.9226507715297,88.0692441295832
"383",55.0760555675541,44.0586713049561,8.59256407129578,50.4181132889943,88.7522307783365
"384",47.3687213928116,31.8387879198417,8.79999054362997,51.1065372809616,85.4083534236997
"385",70.2694515720486,69.7959012538195,6.4392029249575,51.2197623235426,77.4608612153679
"386",55.4409959327053,51.679263827391,12.5994212250225,50.0465213633369,57.289455588907
"387",59.9354648006295,43.7078114179894,16.9398232304957,50.2836704210292,76.1179691366851
"388",59.4749211625546,54.4379939604551,5.8404051756952,49.8138389260575,62.8936422988772
"389",74.3614321610735,78.2583241863176,15.7964768342208,48.7369423301852,88.2819125149399
"390",66.6919616019174,59.0089896973222,15.9695072693285,49.7650403572779,66.0265709552914
"391",50.4851674227277,40.0160695286468,6.31013028789312,50.5352735107515,86.7605521250516
"392",55.3602805862973,39.8868457134813,19.01077297749,50.727706317696,74.8942392505705
"393",71.9858093173705,76.5460929647088,14.3762977491133,49.5519375761509,50.3148227278143
"394",57.0940345133402,42.8667496703565,18.531198608689,50.2749109895968,83.5301222279668
"395",60.4854142293391,53.8594353711233,10.9456202748697,47.5304100741051,85.4263385757804
"396",59.2606863496918,50.6909413170069,16.2429177982267,50.7594314066494,52.3123752046376
"397",47.9039204625305,28.3316333079711,6.77307016216218,49.2789660570541,73.3494629897177
"398",48.177722314334,34.3873647833243,7.50569628318772,49.6838945939519,88.8221999909729
"399",65.0695492418788,63.0805458920076,13.6140312138014,51.1423225704703,60.8433576114476
"400",54.2859631589789,37.8334266645834,13.8902462332044,50.5055564599307,73.7925481237471
"401",60.9400193343415,50.6742452224717,15.4095870570745,48.7173641561272,77.1632444858551
"402",47.3574145658658,36.6626393562183,8.03419008618221,50.5635822065911,77.0271936058998
"403",52.5249567254367,41.6394156962633,12.8330236300826,48.9703835765084,86.1412666365504
"404",56.3480571825998,46.2516710581258,17.2009450686164,51.0369454867193,56.9664083141834
"405",73.0999930808839,68.1840038858354,18.7423729861621,49.8840387065063,63.3811287395656
"406",60.5332345499717,51.2365837115794,19.1958266729489,49.1752278204644,76.9400503393263
"407",68.4246321178629,61.7691242322326,17.201483710669,48.2240736091342,61.3274870160967
"408",68.0380914587419,70.8702139044181,13.2431314641144,48.5941200885005,60.0690565072
"409",65.371254829068,70.7425551163033,6.0469644877594,51.9419123957191,61.7754407040775
"410",52.130788514736,43.5125444224104,5.93479728675447,50.3005999154409,61.9856470171362
"411",49.4942865256717,29.2108254088089,19.6660327876452,49.9031498210845,84.0154610667378
"412",63.9277328555927,58.3655475918204,13.5585704096593,51.9868360846021,57.6817291323096
"413",56.0652948471977,37.2302612941712,17.259702415904,50.4542757128151,80.5052075348794
"414",70.0076115684153,75.7002728665248,14.0310778177809,50.7906600441601,84.6361448615789
"415",52.0403291174779,29.338167165406,16.0333996883128,50.2743389599242,50.142304059118
"416",68.8023737337809,77.8304998483509,16.9826451130211,48.3319816258904,66.8487488757819
"417",44.3928023540965,20.0756287947297,18.4974590002093,49.0807115046434,56.6090855747461
"418",64.5221231237016,62.451572320424,9.09847806440666,49.3972335407952,53.2977474108338
"419",63.0120616650829,57.8112561069429,6.21941604069434,48.6713837426065,69.8499512206763
"420",63.3080060323817,66.3846826786175,5.42859964305535,50.8343135412409,57.8053932543844
"421",72.5510542786632,73.5564128728583,12.9655635706149,50.0559521093202,57.7615977823734
"422",55.4151391018956,50.6722449930385,18.6498752830084,49.9631133117581,76.002283859998
"423",63.1798139875556,64.9400643771514,5.63066118396819,50.5059256625622,83.1978940125555
"424",73.3217908112481,75.5827877949923,11.6250672924798,50.4941018704028,57.8385102096945
"425",47.931501518122,25.5052111623809,16.6964981670026,48.7636873247271,54.4680187664926
"426",55.8047387299711,49.7993291495368,8.62876282888465,50.2866444813426,73.8814498577267
"427",50.0433382458791,31.8500755773857,13.4319672139827,49.5467881780373,56.4550248533487
"428",74.3714244871626,79.6479740785435,13.0616717017256,50.2705478789581,67.5892430357635
"429",46.1621435361632,22.2092625312507,9.56289409659803,49.8071339549734,81.090376470238
"430",47.6069443957421,33.0537842074409,9.99945576884784,50.8740658232435,57.5228887517005
"431",73.2054846714721,73.4561685658991,14.037666922668,51.3387884387227,89.316862411797
"432",48.1296876075596,27.136187851429,19.5898738480173,48.4606922191368,66.3554000016302
"433",57.7174230802797,42.1423396514729,18.2787795993499,48.5079338044585,54.5693265739828
"434",44.8152914278443,29.7425858071074,7.92695027426817,52.367308714655,62.6376641355455
"435",50.5353200245565,30.0014911172912,15.0253015162889,50.5050453286617,86.4395413547754
"436",79.1583714638998,78.3502827305347,18.6444402404595,49.0639606913676,80.1445173192769
"437",70.4636158988822,68.6239846376702,14.4043033046182,49.4231258608303,58.8359308708459
"438",72.7376554304642,77.1996578248218,15.8763770502992,50.8185750004258,76.2775917071849
"439",59.2772269024726,43.9946316089481,18.0054734041914,50.4128238161232,89.208596246317
"440",72.3442728678781,71.1348391789943,14.0787636209279,48.2753199665482,88.1103689968586
"441",46.4883828676221,23.8713714387268,19.872786947526,48.4463624227026,77.8673989791423
"442",54.5434733499173,38.151726028882,17.9842001828365,49.2264958572481,57.9245214443654
"443",59.2321298646162,49.4283720571548,16.5474493801594,50.5798885900087,59.5920494571328
"444",62.9961036609268,58.7756743654609,13.028976873029,52.6856520539707,65.0050184223801
"445",58.1731962968301,50.6380595825613,7.75745355524123,49.8085836341892,77.9062439035624
"446",69.4104841143355,67.8355540754274,18.3578085445333,50.7701475417934,67.928178710863
"447",61.0777285540276,53.900536717847,16.6363518510479,50.2010716562418,80.7067386992276
"448",53.4277141233477,41.2114391569048,6.00263098836876,49.4216351831017,71.2428207136691
"449",65.0504319194221,59.5459966221824,18.5665597801562,52.0380615701204,86.804297696799
"450",55.9540107815083,34.3564745644107,17.5695507368073,49.0697425969553,67.3960204701871
"451",52.9589292790888,35.9126472519711,15.0876978773158,49.4617675773872,76.1239266395569
"452",61.051988310943,51.0961310798302,5.44294329709373,49.3855312719447,60.2480171434581
"453",63.5377532160348,64.2746521160007,7.95981438597664,49.2636547447511,58.8737151492387
"454",60.2093162503605,66.7766543617472,7.07955199643038,49.0275125820716,57.2324204444885
"455",45.2811749348217,26.8816637899727,7.20997176598758,48.2565045659068,52.3776338435709
"456",65.804084800215,56.7424009554088,18.9366090809926,50.7004565622935,87.0730502344668
"457",73.1334759373808,74.6561705227941,12.5238991284277,50.0464509151626,74.7912740986794
"458",64.7558421925254,58.0412875628099,14.5711382315494,48.6091855481842,68.2195331156254
"459",49.3350691119211,36.4798419782892,6.16796571528539,51.8022948503255,67.2585485223681
"460",52.0054313163795,41.1701202858239,10.892825666815,48.6737633801381,62.1400442998856
"461",63.1135987393591,60.2497613988817,15.3481037786696,48.2712430402192,54.2075261753052
"462",71.3852491758235,74.4026851467788,13.7756547343452,49.7386714738159,73.4408523887396
"463",65.6155053318176,63.8141499087214,17.4882641294971,49.9202204340935,58.160954983905
"464",72.5661396381844,75.1860193302855,9.63245548657142,50.1257309542918,72.4912334885448
"465",55.5124046604249,42.9459954239428,15.4494640347548,51.2062106847068,86.2996207457036
"466",68.1654109830932,71.2484322674572,15.7302376709413,50.340809872688,55.9344132058322
"467",43.4177671011341,23.2840454066172,7.00019914307632,50.4832570824236,89.5973662659526
"468",45.5236264872127,35.2391617372632,9.8650098987855,52.551621262047,70.3265549056232
"469",54.4874795657985,42.0277398545295,10.7744699460454,50.726104910368,70.6045088544488
"470",56.0843477910902,41.6342244762927,16.1771078687161,48.9751110938594,72.1210572402924
"471",55.4489123190067,36.8309918511659,19.5923592639156,50.8673146126207,77.5060990452766
"472",58.6166607744292,43.3215506048873,18.2923965947703,49.6995674900095,70.9093021042645
"473",53.6716935876557,40.8880665479228,5.13679848168977,50.3299420045154,64.6237850561738
"474",54.1295008514684,36.7353840218857,14.942810991779,48.6676917988754,60.0470740348101
"475",71.9614567854891,68.0652880994603,10.0288710417226,47.4726010429179,57.0434601511806
"476",72.4088034605684,79.7008304437622,12.8880607325118,48.7020161345408,76.196998860687
"477",63.4416484359158,65.1945177232847,11.3122020172887,51.2959431554673,83.0835077539086
"478",63.3416853605674,56.2005757074803,18.543276085984,50.7775395809294,57.779591139406
"479",66.3295817130406,55.6368908053264,17.9031961259898,51.0340283275059,70.6863185111433
"480",64.5929887755991,54.9374172836542,17.791605690727,49.2784851445653,62.4851194769144
"481",48.6928677936231,34.3195571284741,9.21006036922336,50.9838375988173,57.5213651359081
"482",56.6357065680181,47.2570628952235,16.9000655272976,50.6232423185401,53.3568782731891
"483",75.1017526656297,79.7309975419194,11.2423285935074,48.6061741557786,73.5697900969535
"484",44.8483754613629,24.9647589540109,10.8550813910551,50.1059171052853,78.0174241960049
"485",42.0223192788049,23.1143603287637,10.1005794736557,51.4114304994912,50.3160820063204
"486",55.0368462732295,49.6278327703476,5.64924879814498,50.4276668749732,80.1229834090918
"487",41.8764620367176,23.239615787752,14.8062397085596,49.4809522685958,52.4892424885184
"488",75.5108705597263,77.0269143860787,13.9680298790336,50.5149609269302,81.2855001725256
"489",58.8645686827743,57.9914756864309,6.35873725521378,48.9839062079551,81.1729425098747
"490",48.3676687729532,36.1962248338386,15.7482648990117,49.5504865922873,59.4043812807649
"491",75.563332031876,79.8087761830539,19.8438851709943,50.2424011854127,67.8448044508696
"492",57.3040464116419,41.5282466821373,15.2284432156011,49.5687283943327,64.0690830443054
"493",53.7592746486837,42.3057246673852,10.4447766137309,50.4730438374384,78.284885501489
"494",56.2962491430608,39.8135839123279,18.3512614329811,49.7059991962768,60.8919649850577
"495",46.9439458409729,26.2637308053672,10.6109906546772,50.6477783189342,88.4254959225655
"496",63.2100164195597,54.7940857335925,16.7874862789176,48.8149084385049,81.42767614685
"497",53.7256138025303,39.9853679584339,10.0096337636933,51.0387281562125,54.7560919541866
"498",42.554981113151,20.226654750295,14.1320447495673,48.6020563954457,65.1073152944446
"499",72.051479038944,79.6757665695623,11.1379539361224,50.2008505742819,73.9216154813766
"500",51.1908624832696,42.1540916664526,5.11264832573943,49.3983039522941,63.7134958710521
"501",50.1066506382615,33.2139536738396,12.1655533916783,48.8474005240908,88.5155068337917
"502",63.7207011872496,64.5895701367408,11.0669390123803,50.4641607061555,70.2490170393139
"503",52.2766537865614,38.3574387198314,10.3239426924847,50.7289324661502,62.0842395443469
"504",51.5261782146201,44.132530959323,8.36609178804792,50.4106174521754,65.0156935956329
"505",56.5744530644438,43.6142865754664,15.2353549399413,48.5388527993453,74.0088643226773
"506",53.19565219859,46.44538723398,10.0872474140488,49.9810919126136,71.2966259662062
"507",64.1729067490683,66.3683045655489,12.1309854311403,51.6934478205915,55.4476040042937
"508",49.3531289586842,32.5741426087916,6.19779564091004,50.0093906097995,53.4003400243819
"509",63.8237182093625,64.887361289002,5.25022158864886,50.4967849933677,72.0515076443553
"510",60.7473044906163,55.1213091565296,11.5329939406365,50.1667988084425,64.4593391381204
"511",53.7903454022937,39.4668317306787,7.37171832937747,49.7630759609503,89.2467523459345
"512",52.8986612771371,42.5028469972312,13.7212338694371,50.4448657878505,51.6247926931828
"513",42.2690996854961,21.6162316361442,9.53446005820297,48.7459719309986,82.9835224337876
"514",54.2549938768074,49.000092567876,9.09235071856529,50.0338742328839,89.9638379737735
"515",73.4578091020887,78.2048263261095,19.7968204913195,50.011670426724,69.8745659738779
"516",39.3301483501975,20.0237042177469,5.25915905483998,51.1548906620505,87.8895028680563
"517",48.5664944458391,26.3421529112384,14.4110536354128,51.2072675990951,68.5620411206037
"518",54.639613149926,46.3965922640637,9.86788238747977,49.3710764073808,82.8479860071093
"519",52.8544387768659,38.7379244575277,6.51252300129272,51.3714236306909,56.3271191809326
"520",73.3791966886046,78.2799705211073,18.558297608979,50.7325005675415,86.0996907763183
"521",63.1674040670003,55.1161321438849,19.7176122188102,50.3487590597362,89.8447303939611
"522",66.2267483328151,64.0357177099213,13.9596199628431,50.4865787471705,59.5702493190765
"523",65.8441301161111,59.8116290662438,15.6373301835265,50.3220418055427,51.2839964404702
"524",61.1001458929173,63.3790711592883,10.5370749044232,49.2285047146187,85.0231915898621
"525",48.7350780071084,26.6608966141939,19.6671473048627,47.7731970227966,67.8435086458921
"526",51.5417203877839,33.1147530255839,10.467639323324,52.381308175585,57.9941262677312
"527",61.7552890238007,57.3539781104773,10.8025354496203,50.436279725606,52.2671787254512
"528",74.4264101359985,77.5568256806582,10.1704176375642,49.8782284108697,52.6333450898528
"529",67.2235533743086,68.7389436829835,15.2738217636943,52.3421852294526,83.1724059395492
"530",45.8307925089472,21.3297700928524,19.7221782919951,49.3564926454956,62.3227440752089
"531",60.0029369724931,60.9523427346721,6.26031514606439,50.3814917245421,70.6217909604311
"532",70.8318402677825,69.8472518799827,8.45683751977049,50.6369962064511,71.2315278779715
"533",71.9071692068325,68.4683865495026,17.3295963578857,48.9007023273468,88.7576675694436
"534",65.2930363039638,70.5107117723674,5.45293945702724,50.409819749379,83.6775869969279
"535",48.2590734519359,31.2600604072213,8.09294287231751,50.5703411339988,80.0353730004281
"536",46.1528399991698,25.6966900546104,12.6960710366257,49.9771556160662,86.2070252373815
"537",54.5216991526545,46.92890685983,8.87040571426041,49.6035605232974,88.9461590256542
"538",64.3024352043676,56.0288292821497,14.7265852428973,49.9359020995961,50.7255748752505
"539",73.3864264093039,71.814336865209,18.9765508752316,51.1769246299651,60.7433073781431
"540",65.2525881595716,71.0873536998406,6.2044264038559,49.3122503692899,82.4011339340359
"541",61.4992213696035,61.8668701592833,7.59946082369424,48.7019173938564,64.1648494172841
"542",60.7041200578671,58.6383299250156,10.4947531491052,49.0835686177417,72.8039318323135
"543",62.1188671500007,59.281827728264,6.8029478401877,49.3045764619696,78.637767387554
"544",67.390181762007,72.8212920809165,7.22624759888276,48.1628238812352,54.6284457948059
"545",71.3160516304796,71.4162299362943,16.7921553936321,51.1415261686368,55.9820464253426
"546",68.3396323985946,70.8097747666761,12.7349649393,49.48728645323,86.3415318354964
"547",52.548369956046,39.5912631228566,8.19487631786615,50.8388129547781,60.8661880996078
"548",62.2858007044136,52.8200782462955,15.7446822850034,51.2256140331094,62.4171762075275
"549",66.0292046543535,64.0625581424683,17.5816693797242,50.6815590467106,54.9093914963305
"550",66.8161267297258,68.3177323173732,10.5122644780204,48.6815207729644,62.5232648104429
"551",54.2909260711106,32.3864004807547,19.7367500211112,50.6198119802877,76.4303394034505
"552",66.819946887846,72.8096998948604,10.6546304677613,49.9615886034547,60.4029524046928
"553",58.9798893618416,43.7645816849545,19.4925978209358,50.8255746672317,53.8690179213881
"554",73.3262422584075,78.9804187742993,9.5378974173218,51.868279492832,52.7764262724668
"555",58.6306739823581,53.6853152187541,14.7913735476322,49.9433371129378,65.3081932105124
"556",70.5502451153518,74.5168680278584,7.32419123756699,50.9080314195556,68.800156917423
"557",62.5948547144399,62.9080260545015,11.9284562603571,49.7783690390517,57.6590170990676
"558",49.0077818577239,34.1381847439334,7.51878579845652,50.3720597401575,73.7840197887272
"559",47.381694684856,20.2343107527122,16.5567433251999,51.2550353929435,77.707404801622
"560",57.2492039566057,48.7628304911777,9.42010508617386,50.6612425287159,87.7088065538555
"561",73.1185494253453,72.3279875330627,18.0781610799022,49.4866539114081,57.0091096311808
"562",51.1618982955482,35.7396360253915,15.3407032357063,51.3606140514352,78.1813794933259
"563",65.2365318733958,59.8042733315378,16.7935603158548,49.2883023666195,83.7698466330767
"564",70.3563253088946,72.7786833886057,11.1202413262799,49.6449902843197,61.6134866327047
"565",71.8751649641126,74.6903153369203,16.6315746726468,49.5384768146853,56.4786448795348
"566",57.0069220698803,43.419107994996,17.5915459962562,49.4303293604143,76.5928256511688
"567",68.6920700714428,71.9090414745733,10.6561088294256,51.1041290327808,68.6432101484388
"568",54.7319224655291,50.877114883624,7.26233816356398,49.2495434007331,68.6744465120137
"569",62.6344447345725,64.4719367753714,5.09505820344202,51.3159530303473,53.542553242296
"570",73.4978336867048,77.6123968185857,12.3783208755776,49.4654879942316,59.9751078244299
"571",60.5186428525596,54.1825982788578,12.0512964110821,49.1158425772348,50.4402884747833
"572",53.729098196648,38.6659704847261,17.8664562851191,48.8203891377283,80.9264707751572
"573",65.7453451731907,64.5980976754799,7.65321496408433,49.2783389827427,80.9995870292187
"574",57.5894515691106,47.0283781737089,13.4022535698023,49.8494443730703,62.4556128866971
"575",61.1590156380942,48.4335086448118,18.3732719928958,49.8078776853785,66.4949361048639
"576",57.082875903043,48.4649939788505,16.6160692763515,49.0196569628609,66.8949222471565
"577",67.7845009435399,64.44233444985,13.5908601968549,49.6549876845353,74.4834495987743
"578",46.9389834362674,26.4315540110692,8.43055298901163,49.0249014757732,59.1560778953135
"579",64.8863363746215,58.5308466013521,16.9863111583982,48.9218998247914,84.0297935064882
"580",54.3173982912701,45.3310402110219,9.1950209159404,47.9914438056547,53.8895709440112
"581",73.4461598414101,68.0305537581444,16.2315711914562,49.2740634135254,82.5054062530398
"582",62.778972609491,57.0072948560119,10.5515601602383,51.3108239749839,76.9735098257661
"583",50.2704025209234,34.9620995344594,6.29411400412209,49.6784600737169,67.5714574567974
"584",63.5034899491059,60.8734004478902,9.47381469421089,48.5937832150492,66.4356311131269
"585",54.2740598077886,40.864317920059,16.2059326504823,50.0247850112958,80.0895692035556
"586",72.7298321995876,73.487822865136,18.41168416664,50.890437347552,78.5257283970714
"587",63.2565605704701,59.4343655696139,16.4922326535452,49.773893782424,59.483023090288
"588",72.5492948147891,76.3199279410765,18.0483994318638,49.8025213621336,59.0642925538123
"589",49.1245418925827,28.0506506375968,14.232839869801,49.7582452297909,50.8933499827981
"590",76.7025835077153,78.3476044051349,17.4479960696772,49.066998834171,75.7981097511947
"591",53.5769345404784,41.0449111368507,7.6242668076884,48.5559247968443,74.273505974561
"592",51.2950366182073,34.2200140235946,16.8159787706099,51.5190783771747,89.3976020626724
"593",64.77330531764,56.9377270154655,18.4110766183585,49.9096880484952,82.770482422784
"594",68.3520667578314,64.8280220804736,19.1307369514834,50.001039666991,73.0784934014082
"595",69.5583638811755,77.8111029509455,5.68313104915433,50.3398957405804,83.2816651836038
"596",71.3694819422853,75.9610800584778,13.8962289947085,50.0774955811627,69.4375185854733
"597",72.7153269149838,67.5312045309693,18.9632005710155,51.3294917029586,69.5151894818991
"598",51.4817965328582,38.7040774244815,7.17537752818316,50.4504034524112,50.3905478212982
"599",48.8227308027876,25.6048064306378,17.9362561192829,48.5984095208347,79.6218557842076
"600",52.6896399832888,32.4376313295215,8.43822246184573,49.3278554150872,58.451567851007
"601",42.9488938391592,21.9059801287949,10.6427626288496,50.3574901298424,51.6405212040991
"602",60.8140756714926,54.782329541631,8.44237739220262,49.8685943418111,78.8260257057846
"603",48.9705491932796,29.2522901669145,19.5396190893371,49.8387063379977,55.5850497167557
"604",47.2403514955551,27.5162301585078,6.97396088740788,48.7053651258858,79.5482916478068
"605",47.7205371524247,28.8791486807168,14.1354274447076,49.2038078514743,66.8557098321617
"606",72.5651637877236,74.8005576618016,9.26068762666546,49.0664763494151,69.9399977829307
"607",50.9885277281611,35.4458243912086,8.95391452475451,49.1909613971844,64.5129044167697
"608",60.461711658631,52.547917724587,19.2629859771114,51.5581568330261,66.934939334169
"609",64.377497144308,58.9413477666676,17.3118798504584,51.7331147850947,68.9866409543902
"610",47.5604263460414,28.9516622014344,11.790046878159,50.1354448208396,53.1621099077165
"611",70.5357106631383,70.9364269999787,13.7512051034719,48.8765325448319,61.4961036294699
"612",53.7163349276817,37.610304900445,10.1780853467062,51.2851348893495,58.3137854374945
"613",55.0142873727656,53.1285200454295,5.41687195654958,49.0513440032112,85.4445558227599
"614",71.5090350735886,72.3880913248286,11.905706472462,49.6614829186219,51.9721302483231
"615",64.4118061796769,58.8190665282309,10.7761178386863,50.392934878756,83.8273340649903
"616",53.6620067071378,43.8310035318136,6.63313623750582,51.6719184563729,86.7091464623809
"617",47.8299183580539,21.7720070155337,5.76321839820594,49.4065145981852,62.7552267629653
"618",54.8018097963164,41.4115502499044,15.9597426035907,51.4895745218667,69.7489370405674
"619",61.228056189535,61.9126803334802,9.05802693683654,50.2254223091423,50.581921832636
"620",47.6652387638862,37.966899657622,5.2500839647837,48.8800582825406,83.1950790062547
"621",66.8478152581267,68.2923194067553,9.87667013891041,49.6979242680417,85.9997015446424
"622",70.95098087072,66.4567466638982,18.962202866096,49.7628610802642,68.9987298753113
"623",53.610152339153,32.6681106584147,18.690371644916,48.8041972405282,50.9683266468346
"624",54.2809937515224,42.6298050023615,5.77407192555256,51.4776097150092,88.0347064696252
"625",51.0626333497851,38.6824177065864,6.05546933598816,51.0885164024658,87.5634200591594
"626",72.8316339271401,73.8544261176139,17.6033890771214,51.1981208700933,79.9411121662706
"627",55.8121571566682,44.9876873800531,13.1147877522744,50.1800843534839,89.86920312047
"628",69.4146298757541,70.1530389068648,16.3315175811294,48.4951866412469,76.2823853455484
"629",53.2759382139624,39.2863836884499,13.6782984994352,49.9862523667441,67.6590979937464
"630",48.7591040178871,28.24380250182,6.79652071907185,50.5437276886295,73.515800088644
"631",61.9081762818437,57.0627748966217,9.95168745983392,49.7614025065508,53.5261946264654
"632",67.7737773554125,60.5249905632809,18.5052232444286,50.6572645924254,68.7305766623467
"633",49.2576612670614,36.3459262391552,8.42547271749936,51.0834505307858,66.3493393268436
"634",49.3696071735821,31.1724181519821,9.64328415109776,51.0074309000136,80.8824744820595
"635",52.0567718992011,39.8195822816342,16.5639252192341,48.9731522292569,72.7403585612774
"636",51.437240292674,27.3091999301687,19.5377936644945,51.0845990189731,80.2914801146835
"637",48.2049118978508,34.1318331193179,15.2403644018341,50.6699947448136,85.7318301033229
"638",71.2533742591799,75.970797771588,10.344307863852,50.1408071899127,79.2366558965296
"639",66.7253961841771,66.9524848274887,13.9414482901338,50.9937911949655,75.3078142926097
"640",57.85726007954,47.1059089619666,17.2708979353774,49.7559856631482,68.8954307418317
"641",45.3917651667336,26.6480042412877,14.0660204528831,48.5781479115282,54.0471713151783
"642",71.5389530362608,73.3206737600267,10.8117805945221,50.1026942582403,63.7469894066453
"643",69.9677244178762,68.8152474723756,19.2476687405724,50.6701811158102,59.592237751931
"644",52.3281424553125,31.8072058167309,10.123141388176,49.1680091782173,82.4444604292512
"645",65.4848543752942,56.0133454063907,17.5727228645701,49.3138608137135,84.7112608235329
"646",42.8171561423966,22.3974777618423,5.26695252396166,48.6660485798345,56.9403746258467
"647",56.4292386377553,48.4257190208882,10.4649667919148,50.0223345197188,89.4603536743671
"648",69.3282403751193,66.6178967431188,17.2160465619527,50.3362780220393,70.9632443077862
"649",63.3138496934828,54.7899746475741,11.6177723335568,48.9102385463718,87.1409952268004
"650",53.3067105432981,39.3195042340085,8.93302664393559,48.4921465694439,52.4226101860404
"651",75.2258715991736,79.603303913027,10.8794199652039,50.4365844969118,64.7496042586863
"652",57.2762106001833,49.7761620022357,12.4762888113037,48.9771414269268,67.5623628962785
"653",66.4890168859877,60.8869025483727,18.3665058657061,51.5152436724693,84.496774720028
"654",67.9063163831703,64.2753580119461,13.2726960221771,51.9828373036334,59.6273465361446
"655",72.3453873962187,74.4567771581933,10.1273419370409,49.6501534885056,50.1232819631696
"656",55.4237191794182,46.4887505630031,11.8190553423483,49.8022459469125,70.2537212707102
"657",62.1284967234763,64.8874506121501,7.0624510908965,48.9060639050095,65.7856171857566
"658",71.8492200183157,65.271073221229,18.0537418858148,51.8263290511172,67.6513693109155
"659",59.00595933751,46.721571572125,15.8145504246932,51.5636199709602,66.5634674858302
"660",56.4885776310943,41.9825631426647,15.9265767817851,50.6044493299878,76.2166162673384
"661",47.570781976641,24.7458199271932,17.5138257245999,47.9997519279802,72.1184196788818
"662",48.8565393947379,32.3117080423981,14.9017895245925,48.7970058854572,59.6376960258931
"663",68.7711292167279,73.1000491743907,16.2938752851915,50.2983144946937,82.0322999823838
"664",70.1768374095073,75.0153027754277,8.05317637510598,49.3201260291466,85.9666636027396
"665",64.770816088881,57.0538612874225,17.7816898573656,51.5193750154159,78.3754132408649
"666",51.1956572567966,41.9624624447897,6.82742946199141,51.8948272456156,65.0986086670309
"667",63.0793877027358,60.5531951086596,13.4790175990202,48.7790474816869,74.9485605955124
"668",59.9692814912659,44.6251795673743,17.4712019204162,49.4825599581918,78.7013324536383
"669",60.9403985259145,60.1601172657683,5.61747956555337,48.9410017215152,81.9324884098023
"670",67.272170882319,74.6089644683525,6.41247242107056,49.7152683812086,66.157515719533
"671",56.3188139406199,44.8925254121423,14.6060255705379,50.6309918962966,81.9628826063126
"672",46.4556619047573,29.1770979156718,15.2196619741153,49.3852360317675,55.0662800390273
"673",55.0973024413516,42.6484231790528,17.9783153044991,51.0938246933725,71.9695049431175
"674",60.7796832504661,47.9474152717739,9.24725852906704,49.0655650442026,60.8995444420725
"675",51.4982569306014,34.6562455361709,16.4408207801171,49.1817656362852,82.8521047066897
"676",45.9660063668161,27.093161419034,11.2189566239249,49.9396889570974,63.4304348472506
"677",44.3326184237686,20.496941274032,8.71005195425823,50.3960119782361,80.364453215152
"678",62.1230531818329,59.0521338535473,12.0275779301301,50.5348203540148,62.6365851704031
"679",45.6612248931918,23.393935021013,16.7876266234089,51.4212280703715,62.3679556231946
"680",44.0142454306005,27.8065538173541,8.24751432402991,48.9576549059474,71.8056576233357
"681",74.6521780198901,77.6413914561272,18.6051692918409,50.8045692225883,50.7891938183457
"682",51.8232715695367,35.574293457903,12.3507139843423,51.0504834418999,76.5478451456875
"683",45.8918784941973,20.5439960630611,19.6631955343764,50.1214145626835,56.1996377632022
"684",75.1095461541258,79.5722377579659,9.0073156892322,47.8563097123304,86.5343433246017
"685",63.9117904654931,59.1742281336337,18.5103984444868,51.1461579210502,54.4425526447594
"686",65.3525289147985,63.4690892230719,9.06749139074236,53.1647983494106,57.8251123800874
"687",65.8511059038855,62.8569192998111,13.1988908955827,51.1533214001375,88.2977386470884
"688",71.2994364456362,69.5014506950974,17.6912313979119,50.8974947654219,80.173386707902
"689",46.5373343814383,28.8946952670813,17.3764556040987,50.0035400588296,62.8767468966544
"690",64.2331422352812,60.5002083769068,17.7062310162,52.4225211144225,78.4638250432909
"691",73.408223042833,70.8123715082183,18.6310503911227,50.1138829556817,80.3002027235925
"692",73.3736624197448,79.5550995739177,19.1632870701142,50.0670929539712,58.7499037478119
"693",55.0657062109073,38.2455911627039,17.5525294314139,51.1932076647153,81.1354474816471
"694",48.5390566825553,28.7236933363602,8.87573208892718,51.0869899122533,56.6708814539015
"695",58.1591462924522,51.1422166135162,16.1620485119056,50.1796570940063,61.7761041782796
"696",66.6902635219226,69.9291390925646,8.61398220527917,48.8467823503768,55.7516862079501
"697",74.9496144707675,75.0902904802933,17.6453412987757,50.5096002335848,54.9934601783752
"698",56.7341868370315,40.8862317632884,17.1320084447507,49.8541594844384,67.4211847875267
"699",49.6319587548296,39.9613602459431,5.80412636394612,49.1744667529245,79.7756936587393
"700",70.6447312720627,70.332020255737,7.72172430646606,50.0935555285015,64.5093172416091
"701",55.2240528658318,46.7743754247203,10.9852490923367,50.5366901205586,61.9897965341806
"702",65.7696112907185,61.6756138345227,17.3938056163024,50.1663169539803,79.6430291514844
"703",68.0963072104983,74.1686495859176,19.5772359007969,49.8244961815563,89.5491553470492
"704",40.9238803822163,21.7684522364289,5.04821468726732,51.330839600187,84.1355377342552
"705",61.8087930012316,48.3084630966187,16.377800994087,50.0002431849702,83.2723927497864
"706",56.7918378279904,44.5334128569812,12.4424276407808,48.5320429579551,66.0637889895588
"707",49.2581668095113,40.216416362673,8.69678981020115,48.5750939324769,82.7155984938145
"708",62.8208422728973,59.7965329373255,12.1959388523828,49.3524311003527,78.1196646392345
"709",68.923207709584,72.3881508782506,10.517328872811,49.2047001099328,51.3047345820814
"710",44.5385400907995,25.2055647876114,6.41765938373283,49.7244824822863,76.9315079413354
"711",52.3937977605292,40.0786159047857,7.30301706935279,49.9949494712459,74.9749589152634
"712",68.2528725974333,76.0249326284975,5.21887724869885,50.5612233303475,72.9449660424143
"713",75.3132266104863,75.1155794365332,19.2588919133414,51.1326302072085,78.6461551208049
"714",62.0220982698621,61.2051929580048,12.1239555603825,50.5017100060583,59.4286137633026
"715",54.7176663174153,43.0126146925613,5.59843668830581,50.402340472075,76.0286557953805
"716",42.454014978775,20.5389300407842,5.36645213374868,47.9357466434328,59.9062250554562
"717",66.1017341804914,63.1963261263445,19.4651685736608,49.9778265002206,72.1579237747937
"718",53.0643652752291,48.8555968692526,5.82437875680625,50.9035023473598,55.843855869025
"719",41.5221636984982,20.223367200233,6.2166167749092,48.7729266601935,83.0733475182205
"720",60.9255260587903,54.3267009779811,6.76587386522442,50.5476224332643,54.4979915488511
"721",51.671027434588,24.8393023014069,19.0449565683957,48.214765029937,50.3803178202361
"722",53.5309750792348,42.7934436826035,9.45268847397529,49.4445854594166,57.6556594390422
"723",73.9765502886338,79.9714206159115,19.8142186226323,48.4108091349723,86.5665209293365
"724",47.0378716175018,25.8480479614809,9.41017435048707,48.772503881341,88.3160861954093
"725",64.6644079451523,68.2529649324715,15.1031942630652,49.3456997877872,82.2374262195081
"726",49.0096317452738,25.0537750590593,8.67264185799286,50.1062286060105,75.9344790875912
"727",70.0658430999237,72.6309432648122,13.3831041725352,50.4411550698908,82.7591419033706
"728",72.825797051231,78.9525703061372,10.737637844868,50.556511663156,84.4861508440226
"729",60.73012575538,56.5912021650001,10.6886064459104,50.3928346022227,59.6056380402297
"730",66.0151216888988,61.0899848444387,15.1701895159204,48.1676571994536,60.3565782122314
"731",62.1315250230181,49.6757060382515,18.7334046605974,49.5605991645613,63.5707175079733
"732",49.2614423699429,36.5593412844464,19.4977163488511,47.4721848790757,60.5640847608447
"733",44.8940051819154,20.2232670923695,19.0955396322533,50.1305139268918,89.5414483454078
"734",65.7786029282834,59.8655764199793,7.87489959155209,48.8047594313138,63.4258533921093
"735",60.2176766948864,52.896740976721,12.2506503597833,48.6778847245334,84.0454657003284
"736",62.6073233087677,55.7620180211961,10.6055680837017,50.2754144484205,73.1332670804113
"737",53.2617136759131,38.5007782885805,7.38359303795733,49.1218096931887,60.8728885557503
"738",71.9749362035955,73.8373598782346,19.2489442392252,49.1378104840297,67.6324209570885
"739",73.4400057252517,74.9694244982675,18.1967945315409,50.9579899745802,76.0929006617516
"740",71.8461895885773,78.3014323702082,14.8954947397579,49.9241988056095,68.5290625877678
"741",53.9752648740895,40.5425720708445,13.272069216473,49.6874235920984,85.7924487628043
"742",77.4897965987499,75.705731078051,19.4964521832298,50.9134751083243,83.3529462944716
"743",72.4120280979561,75.1179502718151,12.0187996677123,48.2493475935627,57.9957058280706
"744",66.0431623668015,61.4867800334468,17.5704797171056,51.3185542475615,86.6692952532321
"745",65.1840619786347,66.195432129316,13.9515394240152,49.8637442971452,82.8213032148778
"746",63.6110374560083,56.1317960731685,7.60698227910325,52.3544771352711,65.3174957633018
"747",68.9353469638574,66.1592893628404,9.80227005435154,49.240093339257,68.9219918847084
"748",44.0341464624599,25.8789849793538,9.30613012518734,48.7792330169188,62.382091358304
"749",49.4189437395013,33.9051436400041,12.7977297338657,48.7302274665292,50.7654728554189
"750",67.7407101456238,62.4101193109527,19.4233335624449,49.2131088223485,59.2233903892338
"751",47.7593464720503,21.7293176893145,19.9851016316097,50.3764026001849,75.272509092465
"752",60.4423413719915,57.8685420146212,8.16568062640727,48.6211517378306,57.6385042350739
"753",62.9258838652994,60.3294668439776,17.6266449189279,49.5395148134736,84.4567016791552
"754",58.0931173996048,47.1731440350413,18.2070671790279,50.4237862691797,80.1162034738809
"755",61.7937647740538,60.5539281619713,9.81051487149671,49.9948065336267,72.2229841444641
"756",43.8883218479042,20.5635986663401,18.3323521178681,49.690635925959,77.6569812744856
"757",46.708577238217,23.8088229112327,15.375886693364,50.311665232832,64.6327551919967
"758",50.9657500395299,36.7539910087362,14.880113179097,49.0137405562723,50.5508925765753
"759",57.1850664179738,48.0732166022062,6.9261174031999,50.3742550497485,74.1285576485097
"760",67.4532898581165,66.5874357474968,8.69801738881506,49.3766266221002,57.4708530493081
"761",52.1035469353099,42.0154559519142,6.45922232535668,50.1550272321983,76.4859825279564
"762",71.0617465687788,74.0432043047622,18.0381493316963,51.7705453395362,64.9453488737345
"763",59.4316569560826,51.2843158422038,7.79511266038753,48.6031253355703,64.0536669269204
"764",55.2529433882969,37.3765595629811,11.9669387163594,49.1359432639892,60.7007952407002
"765",49.570661360018,34.6750000584871,8.83111955248751,49.2357594944182,58.638352509588
"766",63.1642547294727,55.3479980770499,8.94840154447593,49.7482522427268,50.7502905651927
"767",56.2014752519768,42.8453818522394,10.9126899985131,48.7449287684727,81.3074236083776
"768",64.733404106797,62.3248000023887,15.1190456817858,49.2706834560748,76.8878759350628
"769",44.965149114377,26.9624463934451,5.50496371230111,50.1912091915894,62.0938050560653
"770",63.8976911037015,55.9072917001322,15.2935774798971,48.8802807751281,53.9522079844028
"771",66.5068127192206,70.7643884094432,13.8548700755928,50.348320054254,51.9787436630577
"772",53.3100327771532,41.0518412245438,17.3373145190999,49.2889357252779,66.5657762344927
"773",54.7746662862787,38.9700217312202,16.3683421665337,50.1435616148842,88.0561841186136
"774",69.6971120586005,66.8117640726268,17.4369504745118,49.7313683721868,56.351821180433
"775",56.5121404936256,35.2873953431845,18.5134726471733,49.4046567642037,79.4570653792471
"776",70.5229713981207,70.4120089532807,11.864608747419,48.0977787369832,59.0291255805641
"777",64.0309447012934,65.0835766131058,6.30941522424109,48.1828870668687,81.3833874277771
"778",54.9480771848272,38.5269359871745,15.8733896352351,51.1003662873017,65.4428807739168
"779",56.4258940534738,47.4828157247975,12.8975406649988,51.2109210538577,50.9419029857963
"780",56.3715302481774,44.893880863674,14.3205642851535,50.1835157077636,66.120633399114
"781",55.2912025632025,39.5009615411982,15.6949269166216,48.8789284939037,50.8514745347202
"782",46.5860615006662,28.1369927339256,10.7939648453612,50.8568224791991,71.5645722765476
"783",73.4439287946349,74.6066578943282,13.5737054480705,50.2555377864918,65.0267127994448
"784",49.8527666031039,29.0230919281021,7.21103748306632,50.9588979893823,63.4103419538587
"785",63.6563192357049,70.2753766812384,5.44652406009845,50.9509175784774,54.8961835261434
"786",61.4639201344737,52.656403942965,16.4233341254294,50.0096506451098,58.7377388868481
"787",49.7435968595608,26.9571649283171,19.8563982208725,49.7216296879882,50.2128431946039
"788",44.1393859822013,22.653760612011,11.5569020411931,49.8944811158551,83.2158765848726
"789",54.8525244407751,36.9616083893925,16.8756880366709,50.6490343961689,55.5826944857836
"790",68.344566119854,72.8758247569203,7.65295321820304,51.3719683278878,82.523270174861
"791",71.705341442222,70.2168770879507,12.2897950385232,49.6621246423373,65.951058678329
"792",44.1023218598706,23.4657094534487,15.3388227103278,50.284641522118,82.7073315903544
"793",42.2983053894245,22.9232606897131,7.81361994449981,47.9265110876609,70.7990041747689
"794",48.4668757402056,38.9981798967347,8.14136891276576,50.5317040795162,82.4525033310056
"795",45.2755877302704,27.885927464813,15.2071020798758,51.6094609462847,64.3522859551013
"796",43.2599192201983,22.1367461467162,11.0484375187661,50.884182187475,58.9275192376226
"797",48.9331217120298,27.2500807745382,19.332750167232,51.4821864339625,60.074777090922
"798",60.6366549074292,54.0729572996497,14.2838906578254,51.3972726424341,54.7001792956144
"799",51.3231906923878,27.6404486503452,19.2900119849946,49.5816491157573,56.3243525288999
"800",63.7246019724286,65.4831411829218,7.26222233613953,49.2706517757598,73.4028488583863
"801",46.2255630108141,25.9655652334914,13.5566281864885,50.8219038438997,78.2752198167145
"802",48.7443710466293,33.7960445368662,12.1799250028562,49.7100874609308,56.3815924618393
"803",56.2346873966873,46.6175723262131,9.60840756888501,49.8266538243598,50.171810714528
"804",58.9284100766543,50.9422942809761,18.2831385382451,50.1978761638747,78.3483082614839
"805",72.5328013245315,75.4936547484249,13.127366208937,50.0313683005941,77.3223935998976
"806",43.2283507270078,22.66741017811,11.3319974776823,50.257803830877,76.7432145215571
"807",50.5279671402831,28.9493947988376,6.78752738400362,50.1884673926285,65.0727280601859
"808",71.6058263034988,70.8904330385849,15.0707205734216,50.1770271196207,57.1956611797214
"809",47.4014522278325,29.1773544577882,16.9801236863714,50.547104556096,64.3521547317505
"810",68.539200508824,69.4980079261586,7.28295301436447,48.975259517099,68.0688847135752
"811",69.7044452321215,71.7915271781385,14.0453253069427,48.2364684722847,86.2275823485106
"812",60.0658470229612,59.2615195922554,8.79574787570164,50.9564589945619,77.4088618997484
"813",42.4555437510339,21.3205160945654,7.44978524860926,49.2064201690026,72.7429560292512
"814",71.6374452920709,79.8765829578042,7.07647843635641,50.4649652697691,68.9179740659893
"815",45.4581501707553,28.858844358474,19.8082228098065,48.8517591357146,89.9035034328699
"816",44.7272567692356,24.9534623418003,9.0550464997068,50.838736564216,87.2884223796427
"817",64.9449928781984,67.8615932818502,9.18811622541398,48.8152441003217,68.9195567928255
"818",54.5232648766231,40.6439244514331,19.1480958799366,50.8454533360918,64.9286606349051
"819",62.1802209313265,63.7163605494425,7.73506594938226,48.8560372212145,75.4805413540453
"820",58.1896308604258,40.4629750596359,18.1302186811808,50.5044224191095,85.84956551902
"821",65.2491296072238,71.6498187417164,7.77514979592524,51.5723427414981,71.56913199462
"822",53.4978352128323,44.4334064004943,11.3583680486772,49.8810660498428,64.1340969409794
"823",58.5657384437541,54.1136282915249,9.4764596177265,50.4676359927303,76.1142128985375
"824",74.555567508653,74.0930204140022,6.88775692833588,51.1860306226903,58.9569173101336
"825",71.7196590901152,76.1158752441406,14.0338597784285,49.7728161829191,61.6681199427694
"826",71.1056422224366,70.832003923133,10.061626523966,48.7646775265812,68.0346992611885
"827",56.3927539840982,44.8413771251217,11.192227503052,50.9228586847182,50.738815786317
"828",56.433879600072,40.8460656553507,18.8044626708142,52.263532697143,84.2046605516225
"829",58.8670347921707,47.4139034887776,19.0740695688874,49.8920167060416,57.1632478944957
"830",68.3143851814037,74.2264746455476,12.6024990878068,48.4527821083407,73.2597920391709
"831",54.1490224518562,41.6166632855311,6.59780001617037,51.4744907270101,86.9720018468797
"832",58.7136921659082,54.7489533899352,8.82422759197652,49.1993225061332,56.355991885066
"833",59.9868739541161,57.6909704040736,18.4249908255879,50.8152778775436,58.8071190472692
"834",58.8697532953934,62.8092197747901,5.33225578488782,50.6443104346056,53.8659565709531
"835",45.3778209641819,21.3236147165298,11.05812720838,50.4098553665535,75.3746623080224
"836",57.2402847882347,49.8143950756639,10.7732171448879,49.6750064728932,71.6386971157044
"837",55.1918834186977,46.4301680028439,9.00091404560953,48.0388294447504,60.0758242886513
"838",58.6117599878439,53.4645262220874,5.8546377485618,47.6958444038938,57.4064019229263
"839",46.4772769009086,30.5371312331408,7.32876250054687,48.780512034176,53.9687301404774
"840",61.8561182434326,53.8152140425518,11.2901339365635,50.0272939826404,82.9075455851853
"841",62.8979387274136,56.5791409416124,12.1894726681057,51.4483856146608,54.3189900740981
"842",62.316669771598,58.3407739829272,11.2268044915982,49.5808541164631,55.7664421480149
"843",63.5776043736543,67.5793404178694,7.77004711679183,49.5023435107649,56.0171424783766
"844",50.3093428429156,40.7867662189528,8.00621950416826,51.4920029335532,56.4560862723738
"845",52.6448128401777,40.0101897632703,7.63939140364528,49.8180248129799,85.3363096155226
"846",69.5266468327039,79.2482771724463,7.61674836277962,48.5687872668933,72.5774271134287
"847",65.8620543229441,62.9870478995144,18.4200861479621,50.6251069722101,88.4604851901531
"848",51.5810557299079,44.6622109552845,5.6953390291892,49.6261546962731,54.2329682875425
"849",64.7807670537619,54.2146013490856,19.4610019156244,50.4895779136504,89.0970587637275
"850",49.0012481957775,26.2969764508307,8.72461420134641,50.4246102698343,55.7668458949775
"851",64.6623779328816,72.0361112803221,8.97304337238893,49.9537239681508,85.1164440624416
"852",57.2463577954273,48.6726884869859,11.3500788179226,51.1382707248078,80.619848202914
"853",53.5958724172271,36.7139977077022,11.3622489641421,49.4002528693316,52.2453134320676
"854",53.5923207694809,47.7812443207949,9.85473995446227,49.6171268419217,60.0939352530986
"855",41.007814045246,22.4650911660865,6.60453752265312,49.957852559011,66.4366537332535
"856",67.6264558871229,72.460814951919,8.14830874791369,48.8757873081803,72.7106162253767
"857",65.8486268272968,64.6002949494869,11.3479215744883,51.2701000411419,54.9762773793191
"858",41.5224019286297,24.3579692207277,13.4852141723968,49.8000652240716,59.8021907731891
"859",55.9690631073122,45.557901058346,14.9931809213012,49.7566910651961,52.4172625876963
"860",60.1021694800789,50.9464459354058,12.7219996717758,50.7965417958794,72.1049100533128
"861",64.9426400227,64.3222743319348,13.3553629962262,50.0327774781895,83.1675794534385
"862",52.1427991271117,36.0812214342877,16.0419328324497,51.0247992748784,60.4307703580707
"863",55.9076980607276,49.2379572335631,10.9907403076068,50.2051549816312,57.4869695678353
"864",73.1659749809575,77.7437224099413,17.1646936342586,49.4769065961592,52.3415176291019
"865",63.1695640095438,70.5131090106443,8.53406508569606,49.7214353575899,84.1687872633338
"866",50.8940007909284,36.086493274197,14.1059614508413,51.9372190431072,77.9179977159947
"867",50.9809857785427,35.6443818146363,13.3676787395962,50.3671117335396,60.6801629904658
"868",67.1247897158825,74.8031108174473,6.0660248552449,51.0939785495559,79.7305110748857
"869",60.994264209661,55.9464351739734,5.40361723047681,50.2071858450169,88.5237930156291
"870",45.6331999727426,23.8201017957181,7.47197444783524,50.0281703675521,56.5274244733155
"871",63.8164915823447,63.0419799592346,8.23694680118933,49.4437853509736,79.5998435840011
"872",65.5822695430711,64.5286387298256,6.41300840536132,48.9254889314592,50.2309431973845
"873",52.9119318011419,35.7624183455482,16.7794770491309,49.8964210758739,69.9777056369931
"874",59.1410443076969,51.8013590015471,10.3908115043305,50.0222712954225,79.9438598100096
"875",68.5724344816214,68.261352982372,8.42202281695791,51.2248499799949,66.3543856702745
"876",69.9310976758011,63.6691331351176,13.2784094382077,50.7470106841643,65.2441117540002
"877",68.4694729050947,71.923683877103,5.09246059926227,48.9216441392063,59.8089003190398
"878",45.3289212051522,22.7837588172406,6.81562264682725,49.6574072595276,77.0162696857005
"879",41.9640195241356,20.4848747001961,5.88988583418541,50.5137961794734,81.9457774795592
"880",73.9393579671301,76.363387494348,9.50355586595833,51.2232527204843,88.2471133396029
"881",53.5147837606538,34.4997459184378,19.049067926826,49.8998116602189,72.9799705836922
"882",73.1411525235757,73.9824164658785,16.0642095073126,50.7343816484695,65.890562357381
"883",59.253917405386,50.680886846967,19.534572296543,49.7063871866093,84.7219630610198
"884",64.8432303717349,61.8161082360893,9.02235673507676,51.6468656628136,58.6844168417156
"885",70.1697494487744,77.4233210179955,5.51063407678157,49.9791761936223,77.8376861754805
"886",48.1912700973864,23.250042735599,16.6986342426389,51.6683535868931,84.4778641499579
"887",48.1808510724344,27.7758623054251,15.7044688262977,49.9997541016314,76.2909186910838
"888",65.7790487178442,66.0922699142247,7.19219460501336,50.5676842646062,67.2185723576695
"889",66.8265578484825,71.6788965975866,10.3822826524265,50.5300700253528,65.7011512573808
"890",65.6766122063505,63.6723571224138,6.0164935910143,50.3578927002669,82.8279639221728
"891",73.054820274712,74.2522495565936,9.19259848655201,49.6684873899647,53.5156933404505
"892",63.5752408155116,64.4906865339726,15.6351496034767,49.2941907426866,80.4199043754488
"893",51.757703799198,29.6906923409551,15.9311159909703,49.8429544411419,63.6740646790713
"894",59.8550356334678,48.9469761541113,12.6704907952808,50.5753312512621,51.7439249157906
"895",54.1158552756113,44.6029638079926,15.517660927726,51.1900922989183,79.5892453286797
"896",58.5969290079356,47.9544358281419,10.3090058476664,50.6789875525887,53.5247982759029
"897",56.4238641318619,46.6099518211558,10.476362813497,50.4600838254202,68.9079434238374
"898",42.9893531884022,21.5914522157982,5.34033343894407,49.1332898228797,83.6000485438854
"899",64.4484515447485,59.2371359234676,8.75128953484818,49.4258757132487,76.0467426571995
"900",57.2419471050331,43.4350186493248,9.37698253430426,50.8484500813573,70.3763437736779
"901",192.498855257872,21.5734360693023,10.7230425416492,48.3656017722883,73.6643054801971
"902",173.42090937309,37.460020086728,11.7848417721689,50.4330489675373,80.6378873437643
"903",171.229326492175,20.026929769665,9.27769759553485,50.5365346456476,77.3552889097482
"904",199.965076637454,58.7280124891549,14.342080965871,50.9555688777651,65.2898098435253
"905",194.777905114461,69.6154785109684,5.97747546853498,51.3237733012454,67.5184986926615
"906",167.732982989401,65.294745741412,13.2669109513517,51.347979255385,86.7854641471058
"907",189.744633971713,50.8890711516142,18.2367453817278,49.7368330467986,88.5439103841782
"908",152.911086857785,57.1759551204741,11.2464863562491,48.807930122126,52.4135957565159
"909",156.160131178331,43.8793577672914,6.51504921610467,48.8566356243035,55.4263325314969
"910",194.90622470621,45.8322321437299,15.5519409663975,51.022665060071,75.8185066655278
"911",192.498855257872,58.0835032137111,8.74792360002175,50.0100077531023,53.5060006286949
"912",173.42090937309,48.7875960534438,16.6005439101718,49.7838511673287,82.9868585709482
"913",171.229326492175,53.5618000943214,10.0461625482421,49.495685165561,73.968869484961
"914",199.965076637454,50.5845979321748,10.0570676592179,48.9779025606819,50.9801645670086
"915",194.777905114461,69.5906076580286,6.56574565568008,52.7269221907794,61.5564236789942
"916",167.732982989401,53.6058594984934,18.9621551206801,50.0127776709279,87.4959222599864
"917",189.744633971713,20.7968455040827,8.18270769435912,50.5635822092546,79.9304952472448
"918",152.911086857785,48.5356251196936,8.30743497121148,49.7171405785085,76.2515655346215
"919",156.160131178331,22.1865089191124,18.0856668855995,47.4869099798314,85.863641044125
"920",194.90622470621,34.6900520008057,13.2701485487632,51.1724216569213,51.5835574828088
"921",192.498855257872,77.2812322387472,16.5394216019195,50.4597234906994,77.8433680348098
"922",173.42090937309,36.1775099020451,18.651032600319,50.4679126391562,58.0718051921576
"923",171.229326492175,22.8327955771238,19.1531642281916,49.9577457012958,77.3258744180202
"924",199.965076637454,77.7022739127278,15.8892274822574,50.5777056241939,62.7225172054023
"925",194.777905114461,22.4705941369757,17.9742689651903,50.5958558764659,62.1058142464608
"926",167.732982989401,54.1142948484048,19.6917441638652,49.1431856606802,59.6921522263438
"927",189.744633971713,49.362528771162,7.44356301613152,49.3909600024224,55.4396679624915
"928",152.911086857785,68.9409514190629,14.3654077604879,51.1420971636728,85.3970817476511
"929",156.160131178331,51.5739938989282,16.9616765982937,49.9314808136181,51.5368121210486
"930",194.90622470621,70.2102751936764,14.3991705519147,49.1518771183791,69.1885193716735
"931",192.498855257872,24.3095776997507,5.87456517154351,50.9119182525983,57.3679540865123
"932",173.42090937309,64.7334915632382,7.61571486364119,49.3143323683201,75.8612535428256
"933",171.229326492175,40.2476117806509,18.5929227725137,49.6651510143936,72.2360124997795
"934",199.965076637454,57.2242477908731,9.17948239366524,49.0779272826135,78.0991045478731
"935",194.777905114461,63.078715633601,19.0625556453597,49.9193433099409,74.9291869346052
"936",167.732982989401,76.9774926872924,5.15369581524283,50.1770943687003,55.5625146813691
"937",189.744633971713,36.3170730043203,12.3556039726827,50.5114803475856,89.6356926765293
"938",152.911086857785,78.3085118094459,15.3251528739929,48.5042755500544,54.2433525901288
"939",156.160131178331,48.3444458525628,9.06569342012517,50.0372601019409,77.8483761195093
"940",194.90622470621,67.8575788810849,6.18335350649431,48.5242986612901,78.6759117804468
"941",192.498855257872,74.5333320554346,13.1666602636687,50.4167524942577,52.7323755435646
"942",173.42090937309,79.4414123008028,19.834123327164,51.5406424861205,75.145130418241
"943",171.229326492175,33.2792134955525,14.7353299288079,50.0773129524113,75.2688809484243
"944",199.965076637454,31.5468054404482,12.1759062889032,49.8389893983619,66.3444284722209
"945",194.777905114461,62.596096182242,7.56310013122857,50.5689993787104,66.5738406032324
"946",167.732982989401,70.7420717459172,18.8623930176254,51.0216008083733,75.4178195167333
"947",189.744633971713,22.6254301704466,18.5157215467189,49.7139765639291,76.5503581240773
"948",152.911086857785,63.6994889518246,10.5996765452437,49.2501871584581,55.7148511800915
"949",156.160131178331,37.9514727927744,17.0685422420502,49.048771973334,70.0682044774294
"950",194.90622470621,35.4610514035448,8.71678116964176,49.4227479395769,57.081296062097
"951",192.498855257872,78.8287976477295,17.55693027284,50.4821437466029,85.3139740135521
"952",173.42090937309,71.920666671358,12.4354940711055,49.1582898642065,83.3728593587875
"953",171.229326492175,59.8470798507333,10.6436110066716,50.3353919889705,68.8794331718236
"954",199.965076637454,72.1323656197637,6.49550086469389,49.5912869895221,55.5954319890589
"955",194.777905114461,70.6043674563989,12.6942185871303,48.821768639635,70.8456505369395
"956",167.732982989401,78.0009303288534,16.1094147595577,50.4848715139612,85.1573168765754
"957",189.744633971713,74.7959336731583,16.7830811173189,50.4907731028357,67.0734442770481
"958",152.911086857785,37.0164252258837,9.8818637651857,52.2194622918577,62.9113654885441
"959",156.160131178331,47.4685448221862,14.4932326884009,49.7627546999775,77.7192283328623
"960",194.90622470621,72.1341627277434,14.8914578510448,50.7258074870225,63.7039101589471
"961",192.498855257872,50.9930978622288,17.4135444813874,50.2850053145529,77.7415375690907
"962",173.42090937309,35.952628608793,14.1515939775854,49.0253773263231,58.6250384151936
"963",171.229326492175,72.1172793116421,15.7287740509491,50.9032784761125,60.0852300599217
"964",199.965076637454,61.4099584100768,8.39278149651363,49.7999465836657,86.8723054137081
"965",194.777905114461,55.6706207990646,14.029360502027,50.1411912516541,67.0964394602925
"966",167.732982989401,75.4143429873511,15.1684874936473,49.5414051443184,63.706650333479
"967",189.744633971713,28.962970841676,11.1469377053436,50.7599466446688,61.5876613743603
"968",152.911086857785,68.387067168951,17.348822603235,50.6751244198981,75.8130526635796
"969",156.160131178331,38.6867613904178,14.3280142254662,49.9558899853307,62.4539797846228
"970",194.90622470621,75.2524681808427,12.4479155766312,50.7129194912778,54.2980893980712
"971",192.498855257872,58.9748628344387,5.80896302242763,49.7049373088368,66.0177687648684
"972",173.42090937309,30.7013927726075,9.2802065925207,49.8890302040088,57.4263111036271
"973",171.229326492175,46.482777800411,7.7712503389921,49.8838780734253,86.2158675119281
"974",199.965076637454,65.2783537842333,10.6880135345273,49.2116176234534,73.0351356975734
"975",194.777905114461,35.4615598358214,17.0587537437677,49.5412415242531,60.2398671861738
"976",167.732982989401,79.9362659361213,12.9827542952262,50.623100615486,81.5177127532661
"977",189.744633971713,51.3470084546134,5.37316393922083,49.5855458936961,66.0727663245052
"978",152.911086857785,79.8867693310603,19.4161512493156,49.6388430598969,56.0667547024786
"979",156.160131178331,44.1565058287233,17.4292808270548,49.7827744090079,64.6395444869995
"980",194.90622470621,55.0581453833729,16.4536900294479,47.1135345129429,58.3183964900672
"981",192.498855257872,73.5087133478373,13.1215512810741,49.9480777841451,54.0634036250412
"982",173.42090937309,71.2056272430345,13.5858459956944,49.7344809337886,81.2285313475877
"983",171.229326492175,45.7539876224473,7.22274773870595,50.3788774813321,71.3831884972751
"984",199.965076637454,36.7263559158891,12.6501115737483,51.3930180440848,81.7513755708933
"985",194.777905114461,73.5114779230207,16.414986535674,52.3662473962028,55.9759703651071
"986",167.732982989401,79.2384645622224,19.5139636308886,50.1079615578571,73.5332112759352
"987",189.744633971713,28.3753522671759,13.5436314030085,51.9733199077607,69.9259239807725
"988",152.911086857785,52.4238973250613,6.73495234688744,49.3830230914049,81.4246509131044
"989",156.160131178331,38.6351556470618,7.17381012975238,49.1609366310805,79.1368102002889
"990",194.90622470621,71.1248225113377,14.2927767743822,49.7638959861227,55.8576899487525
"991",192.498855257872,22.6118073426187,8.72068000491709,52.1118857481057,64.1941783670336
"992",173.42090937309,42.3303370643407,12.3531781695783,50.0204157698375,76.5568407531828
"993",171.229326492175,50.9585946239531,7.32694883132353,49.9362263578801,56.4633460715413
"994",199.965076637454,66.065780906938,16.3017412403133,49.4789820883053,53.2268536835909
"995",194.777905114461,37.2409914713353,19.8540560307447,50.2729752680374,69.7576786763966
"996",167.732982989401,68.9989265426993,9.32597637642175,49.6542817111549,89.0408778283745
"997",189.744633971713,20.3164085326716,6.81063450290821,50.0631853729352,79.8609882779419
"998",152.911086857785,21.338576246053,9.46628056117333,50.5114411108703,80.1944124139845
"999",156.160131178331,34.5782367279753,5.24179668282159,50.117363932964,58.56903988868
"1000",194.90622470621,69.8815383762121,15.1386906765401,48.7163447533106,69.3595999106765
